outlet_title,average_rating,total_reviews,city,state,country_code,pincode,phone,street_address,latitude,longitude,google_maps_url,is_active
Barbeque Nation,4.2,17825,Hyderabad,Telangana,IN,500034,+91 80 6405 8003,"1st Floor, ANR सेंटर, Plot No.6-3 5, Road No. 1",17.4151089,78.4500669,https://www.google.com/maps/search/?api=1&query=Barbeque%20Nation&query_place_id=ChIJt3TsmjeXyzsRW78eukz3few,True
Barbeque Nation - Visakhapatnam - Waltair Road,4.4,10163,Visakhapatnam,Andhra Pradesh,IN,530003,+91 80 6902 8744,"4rd Floor, D. no 10-50-12, Sripuram, 9-Block, Waltair Main Rd, opposite Governor Bungalow, beside Reliance Trends",17.7210003,83.3146091,https://www.google.com/maps/search/?api=1&query=Barbeque%20Nation%20-%20Visakhapatnam%20-%20Waltair%20Road&query_place_id=ChIJk45YuGtDOToRVbSgKYBj2nU,True
Barbeque Nation,4.4,9805,Patna,Bihar,IN,800001,+91 80 6902 8730,"8th Floor, Patna One Mall, New Dak Bunglow Rd",25.609878,85.1366535,https://www.google.com/maps/search/?api=1&query=Barbeque%20Nation&query_place_id=ChIJlXOFO0NY7TkRheDLAr2Chz8,True
Barbeque Nation,4.0,6763,"Chennai, Greater Chennai",Tamil Nadu,IN,600042,+91 80 6902 8724,1st Cross St,12.9720141,80.2203525,https://www.google.com/maps/search/?api=1&query=Barbeque%20Nation&query_place_id=ChIJD0bLspBdUjoRQRyqApSAeh4,True
Barbeque Nation,4.1,5021,Guntur,Andhra Pradesh,IN,522007,+91 80 6902 8743,"Building, 3rd floor, Appanam, Lakshmipuram Main Rd, above Westside - Guntur, Andhra Pradesh",16.3109596,80.4277335,https://www.google.com/maps/search/?api=1&query=Barbeque%20Nation&query_place_id=ChIJ_VgAs2Z1SjoRLejSriWWOxE,True
Barbeque Nation - Indiranagar,4.2,22045,Bengaluru,Karnataka,IN,560071,+91 80 6405 8001,"4005, 100 Feet Rd",12.9626604,77.6414496,https://www.google.com/maps/search/?api=1&query=Barbeque%20Nation%20-%20Indiranagar&query_place_id=ChIJK7aICxoVrjsRnjZbF0TjvNo,True
Barbeque Nation - JP Nagar,4.2,20206,Bengaluru,Karnataka,IN,560078,+91 80 6405 8001,"3rd Floor, 67, 6th B Main Rd",12.9064711,77.5968338,https://www.google.com/maps/search/?api=1&query=Barbeque%20Nation%20-%20JP%20Nagar&query_place_id=ChIJwYmGDBoVrjsRj8ADSu3ctpY,True
Barbeque Nation - Patrapada,4.2,1671,Bhubaneswar,Odisha,IN,751019,+91 80 6902 8768,"6th floor ,Service road South Tamando DN Square",20.2409869,85.7583297,https://www.google.com/maps/search/?api=1&query=Barbeque%20Nation%20-%20Patrapada&query_place_id=ChIJe7vUriepGToRjJAsYcbVOW4,True
Barbeque Nation - Sekaran Mall,4.5,589,"Chennai, Perumbakkam",Tamil Nadu,IN,600100,+91 80 6902 8721,"2nd Floor, 452/3, Sholinganallur, Medavakkam, Kailash Nagar Main Rd",12.9049272,80.2087597,https://www.google.com/maps/search/?api=1&query=Barbeque%20Nation%20-%20Sekaran%20Mall&query_place_id=ChIJUfwiLUJdUjoRWVCj7D7Xlug,True
Barbeque Nation- T Nagar,4.0,11622,"Chennai, Greater Chennai",Tamil Nadu,IN,600017,+91 80 6902 8724,"No 39, Star City Serviced Apartment, Bazullah Rd, near The Grand Sweets",13.0470453,80.2350054,https://www.google.com/maps/search/?api=1&query=Barbeque%20Nation-%20T%20Nagar&query_place_id=ChIJW5gW81dmUjoRHUEFvoSLbyE,True
Barbeque Nation- Porur,3.8,6053,"Greater Chennai, Chennai",Tamil Nadu,IN,600116,+91 80 6902 8724,"2nd Floor, Survey No 38/1, Mount Poonamallee Rd",13.0289265,80.1701981,https://www.google.com/maps/search/?api=1&query=Barbeque%20Nation-%20Porur&query_place_id=ChIJfXIpNTlhUjoRxUkcnjmtaI8,True
Barbeque Nation - Ahmedabad - Sky Forest,4.6,3079,Ahmedabad,Gujarat,IN,382428,+91 80 6902 8770,"204 - 207, 2nd Floor, Saral Xperia, Sky forest Building Near Bhat Circle, Sardar Patel Ring Rd",23.1169622,72.628732,https://www.google.com/maps/search/?api=1&query=Barbeque%20Nation%20-%20Ahmedabad%20-%20Sky%20Forest&query_place_id=ChIJW4lk0EiBXjkRnR58FgGMsXk,True
Barbeque Nation,4.3,7039,Vijayawada,Andhra Pradesh,IN,520010,+91 80 6902 8745,"Fortune Murali Park, CPR Hotel, 3rd Floor, LEPL, Centro Mall, 40-1-147, MG Rd",16.5003901,80.6458419,https://www.google.com/maps/search/?api=1&query=Barbeque%20Nation&query_place_id=ChIJv58o7br6NToROPPDiCZ-HTU,True
Barbeque Nation - Anand - Maruti Solaris,4.6,1794,Anand,Gujarat,IN,388120,+91 80 6902 8770,"2ndFloor, MARUTI SOLARIS, Anand - Sojitra Rd",22.5417416,72.9460826,https://www.google.com/maps/search/?api=1&query=Barbeque%20Nation%20-%20Anand%20-%20Maruti%20Solaris&query_place_id=ChIJs_k3s91NXjkRS0cUFxV9jBM,True
Barbeque Nation,4.2,9032,Bengaluru,Karnataka,IN,560010,+91 80 6902 8721,"18/19/20, West Gate Mall, Ground Floor, Dr Rajkumar Rd",12.9830627,77.5596095,https://www.google.com/maps/search/?api=1&query=Barbeque%20Nation&query_place_id=ChIJZU8k2vU9rjsRK9gXANkis7k,True
Barbeque Nation - Nagpur - Eternity Mall,4.4,5903,Nagpur,Maharashtra,IN,440012,+91 80 6902 8737,"2nd Floor Eternity Mall, Amravati Rd",21.1433734,79.0800933,https://www.google.com/maps/search/?api=1&query=Barbeque%20Nation%20-%20Nagpur%20-%20Eternity%20Mall&query_place_id=ChIJG4yuQZPA1DsRKxYcRB5Cjxo,True
Barbeque Nation - Koramangala,4.1,15727,Bengaluru,Karnataka,IN,560034,+91 80 6405 8001,"86, 1st Cross Rd",12.9255589,77.6371116,https://www.google.com/maps/search/?api=1&query=Barbeque%20Nation%20-%20Koramangala&query_place_id=ChIJ3wP-ImIUrjsRnZ7Rr7BisQI,True
"Barbeque Nation - Nexus Centre City Mall, Mysuru",3.9,658,Mysuru,Karnataka,IN,570019,N/A,"Nexus Centre City Mall, No-8, Old-5, Abba Road, Also, Hyderali Rd",12.3180417,76.6655632,https://www.google.com/maps/search/?api=1&query=Barbeque%20Nation%20-%20Nexus%20Centre%20City%20Mall%2C%20Mysuru&query_place_id=ChIJq-n4NHhxrzsRqdq6rnaHmNA,True
Barbeque Nation - Mangalore - Makmall,4.4,5599,Mangaluru,Karnataka,IN,575002,+91 80 6902 8761,"3rd Floor, Mak Mall, Father Muller's Rd",12.86893,74.858125,https://www.google.com/maps/search/?api=1&query=Barbeque%20Nation%20-%20Mangalore%20-%20Makmall&query_place_id=ChIJY96VoDNaozsRVmSewjbbvKk,True
"Barbeque Nation - Lulu Mall, Thiruvananthapuram",4.2,767,Thiruvananthapuram,Kerala,IN,695029,+91 80 6902 8739,"2nd floor, Barbeque Nation Hospitallity Limited, Lulu International Shopping Mall, TC 91, Akkulam Bridge",8.5153621,76.8976919,https://www.google.com/maps/search/?api=1&query=Barbeque%20Nation%20-%20Lulu%20Mall%2C%20Thiruvananthapuram&query_place_id=ChIJiWfiida9BTsRPwNqvbhCWXQ,True
Barbeque Nation Nexus Shantiniketan Mall,4.4,1539,Bengaluru,Karnataka,IN,560048,+91 80 6405 8001,"2nd Floor, Nexus, Forum Mall Whitefield, Whitefield Main Rd",12.9896257,77.728109,https://www.google.com/maps/search/?api=1&query=Barbeque%20Nation%20Nexus%20Shantiniketan%20Mall&query_place_id=ChIJqe-dMJoRrjsR7ZTs1d6lXMk,True
Barbeque Nation Phoenix Marketcity,3.8,1856,Bengaluru,Karnataka,IN,560048,+91 80 6902 8722,"1st floor, Phoenix Marketcity, Whitefield Main Rd",12.9977512,77.6964375,https://www.google.com/maps/search/?api=1&query=Barbeque%20Nation%20Phoenix%20Marketcity&query_place_id=ChIJIxUu-EURrjsRxKpt9f78SvM,True
Barbeque Nation - Kalyan Nagar,4.0,11338,Bengaluru,Karnataka,IN,560043,+91 80 6902 8722,"BR Plaza, 30, CMR Main Rd",13.0215187,77.6404391,https://www.google.com/maps/search/?api=1&query=Barbeque%20Nation%20-%20Kalyan%20Nagar&query_place_id=ChIJsxorwCUXrjsRaTXkIXLIjII,True
"Barbeque Nation - Town Hall, Coimbatore",4.3,9708,Coimbatore,Tamil Nadu,IN,641001,+91 80 6902 8740,"#1000, Hotel Metro Park Inn, 1000, Raja St",10.994333,76.963316,https://www.google.com/maps/search/?api=1&query=Barbeque%20Nation%20-%20Town%20Hall%2C%20Coimbatore&query_place_id=ChIJsSPFhwtZqDsRClmxH55kDXE,True
Barbeque Nation- Yelahanka,4.3,9436,Bengaluru,Karnataka,IN,560064,+91 80 6405 8001,"Prestige Plaza, 1st Floor, New Town Main Rd, next to KMF Mother Dairy",13.0983675,77.5734496,https://www.google.com/maps/search/?api=1&query=Barbeque%20Nation-%20Yelahanka&query_place_id=ChIJ7xgSLWMYrjsR3uZJjnDTyF0,True
Barbeque Nation Marathahalli,4.1,1739,Bengaluru,Karnataka,IN,560037,+91 80 6405 8001,"3rd floor, More Mega mall, Outer Ring Rd, near Innovative Multiplex",12.9482032,77.6984963,https://www.google.com/maps/search/?api=1&query=Barbeque%20Nation%20Marathahalli&query_place_id=ChIJ9_G0_64VrjsRHHqhcFPBiNY,True
Barbeque Nation - Kakkanad,4.2,1434,"Kochi, Kakkanad",Kerala,IN,682037,+91 80 6902 8706,"3rd floor, Mather Esperanza, Seaport - Airport Rd",9.9996888,76.3495671,https://www.google.com/maps/search/?api=1&query=Barbeque%20Nation%20-%20Kakkanad&query_place_id=ChIJMdVYqQANCDsR9xXNA_CK9IY,True
"Barbeque Nation - Caculo Mall, Panaji",4.3,5247,Panaji,Goa,IN,403001,+91 80 6902 8746,"Shanta Building, 5th Floor, Caculo Mall, 16, 16, St Inez Rd, near Vintage Hospital",15.4865957,73.8178498,https://www.google.com/maps/search/?api=1&query=Barbeque%20Nation%20-%20Caculo%20Mall%2C%20Panaji&query_place_id=ChIJ3TScUevAvzsRytzOAL1tC4U,True
Barbeque Nation - Pune - Westend Mall,4.2,1595,Pune,Maharashtra,IN,411067,+91 80 6902 8725,"Westend Mall, Mahadji Shinde Rd, near Parihar Chowk",18.5615611,73.8070209,https://www.google.com/maps/search/?api=1&query=Barbeque%20Nation%20-%20Pune%20-%20Westend%20Mall&query_place_id=ChIJcbaFGTO_wjsRMZs7TfL0SCY,True
Barbeque Nation - Hebbal,4.1,1449,Bengaluru,Karnataka,IN,560024,+91 80 6405 8001,"Unit No.D2, Godrej Woodsman Estate Rmz Azure (It Complex), Bellary Rd, next to Godrej Apartments",13.0551947,77.5942807,https://www.google.com/maps/search/?api=1&query=Barbeque%20Nation%20-%20Hebbal&query_place_id=ChIJTRYvngsXrjsR19TZa3VhYd0,True
Barbeque Nation - Bhartiya Mall of Bengaluru,4.0,1293,Bengaluru,Karnataka,IN,560064,+91 80 6405 8001,"1st Floor, Bhartiya City, Thanisandra Main Rd",13.0835239,77.643798,https://www.google.com/maps/search/?api=1&query=Barbeque%20Nation%20-%20Bhartiya%20Mall%20of%20Bengaluru&query_place_id=ChIJ5Woqc6wZrjsRllO5cUTnuxw,True
Barbeque Nation,4.3,3667,Udupi,Karnataka,IN,576104,+91 80 6902 8783,"Ground Floor, Central Cinemas, Laxmindra Nagar, Udupi, Main Rd",13.3493864,74.7827996,https://www.google.com/maps/search/?api=1&query=Barbeque%20Nation&query_place_id=ChIJL8WffaukvDsR2yKT5zqJZ3g,True
Barbeque Nation- Pune - Hinjawadi,4.4,2943,Hinjawadi,Maharashtra,IN,411057,+91 80 6902 8725,"1st Floor, Grand Highstreet Mall, 1 Road",18.5939187,73.7255158,https://www.google.com/maps/search/?api=1&query=Barbeque%20Nation-%20Pune%20-%20Hinjawadi&query_place_id=ChIJ0actGZO7wjsRvcpGc8dcBAs,True
Barbeque Nation - Guwahati Udeshna,4.2,1119,Guwahati,Assam,IN,781006,+91 80 6902 8750,"4QQX+QC7 Udeshna building, Hari Mandir Path",26.1394011,91.7985559,https://www.google.com/maps/search/?api=1&query=Barbeque%20Nation%20-%20Guwahati%20Udeshna&query_place_id=ChIJ82NsWaRZWjcRvSIoRmSg2h0,True
"Barbeque Nation - Sachivalaya Marg, Bhubaneshwar",4.4,13610,Bhubaneswar,Odisha,IN,751013,+91 80 6902 8768,"NALCO CHOWK, 3RD FLOOR, Triplex Mall, Sachivalaya Marg, MAUZA- SAMANTAPURI GAJAPATI NAGAR, near Gagan Awas Appartment",20.3142204,85.8244559,https://www.google.com/maps/search/?api=1&query=Barbeque%20Nation%20-%20Sachivalaya%20Marg%2C%20Bhubaneshwar&query_place_id=ChIJxedo9LwJGToR7ELyMgJ43Uw,True
"Barbeque Nation- Park Street, Kolkata",4.5,22972,Kolkata,West Bengal,IN,700016,+91 80 6902 8723,"Park Center Garmin (Khadi), 1st Floor,, 24, Park St",22.5510199,88.353816,https://www.google.com/maps/search/?api=1&query=Barbeque%20Nation-%20Park%20Street%2C%20Kolkata&query_place_id=ChIJb93BuRp3AjoRqdxyBozdusM,True
Barbeque Nation - Behala,4.8,870,Kolkata,West Bengal,IN,700034,+91 80 6902 8723,"1st Floor, opposite M P Birla Foundation Higher Secondary School",22.4930693,88.3185562,https://www.google.com/maps/search/?api=1&query=Barbeque%20Nation%20-%20Behala&query_place_id=ChIJ-VdpyJF7AjoR1Ud6WSO5KDI,True
Barbeque Nation - Bilaspur,4.5,2252,"Masanganj, Telipara",Chhattisgarh,IN,495001,+91 80 6902 8769,Magarpara Rd,22.078557,82.1503852,https://www.google.com/maps/search/?api=1&query=Barbeque%20Nation%20-%20Bilaspur&query_place_id=ChIJHfymdLcLKDoRZQMLoNDvyDY,True
Barbeque Nation - Vadapalani,3.9,9822,"Chennai, Greater Chennai",Tamil Nadu,IN,600026,+91 80 6902 8724,"No 1, 2nd Floor, Hotel Bheemas Amman Koil St, Jawaharlal Nehru Salai, near Murugan Temple",13.0525083,80.2123788,https://www.google.com/maps/search/?api=1&query=Barbeque%20Nation%20-%20Vadapalani&query_place_id=ChIJoxm2LepmUjoR8RHioVGpdFY,True
Barbeque Nation- OMR Thoraipakkam,4.1,11826,"Chennai, Greater Chennai",Tamil Nadu,IN,600097,+91 80 6902 8724,"Ground Floor, Ramaniyam Isha Blk 1,Thoraipakkam, 11, Rajiv Gandhi Salai",12.9438704,80.2379882,https://www.google.com/maps/search/?api=1&query=Barbeque%20Nation-%20OMR%20Thoraipakkam&query_place_id=ChIJSd8n_P1cUjoRczF_vawgp7I,True
Barbeque Nation - Chandan Nagar,4.5,376,"Chandannagar, Chinsurah",West Bengal,IN,712136,+91 80 6902 8721,"Ward No. 10, ACASA building, 3rd Floor, Rash Behari Ave",22.8644164,88.365354,https://www.google.com/maps/search/?api=1&query=Barbeque%20Nation%20-%20Chandan%20Nagar&query_place_id=ChIJFwjACtWR-DkRDLuJ9Fl7vIU,True
"Barbeque Nation- Salt Lake, Kolkata",4.5,16523,Kolkata,West Bengal,IN,700091,+91 80 6902 8723,"RDB Boulevard, K-1, Street Number 25",22.5690352,88.4331475,https://www.google.com/maps/search/?api=1&query=Barbeque%20Nation-%20Salt%20Lake%2C%20Kolkata&query_place_id=ChIJIRC6w611AjoRyNBbBqrcvA4,True
Barbeque Nation,4.4,8553,"Labhandih, Raipur",Chhattisgarh,IN,492001,+91 80 6902 8786,"Unit SFPH 02 - 03, Great Eastern Rd",21.2406207,81.684218,https://www.google.com/maps/search/?api=1&query=Barbeque%20Nation&query_place_id=ChIJ6TDQyDbdKDoR5jLxhAPrPAA,True
Barbeque Nation,4.5,11752,Guwahati,Assam,IN,781007,+91 80 6902 8750,"2nd Floor, Adityam Building, GS Rd",26.17233,91.7599133,https://www.google.com/maps/search/?api=1&query=Barbeque%20Nation&query_place_id=ChIJ7YPZ6oJZWjcRb5nYTnJ4Wsw,True
Barbeque Nation Sodepur,4.3,1115,Khardaha,West Bengal,IN,700114,+91 80 6902 8723,N/A,22.7013927,88.3744979,https://www.google.com/maps/search/?api=1&query=Barbeque%20Nation%20Sodepur&query_place_id=ChIJA3pQlU6d-DkRpIxVyHATSlo,True
Barbeque Nation - Durgapur,4.5,6078,Durgapur,West Bengal,IN,713216,+91 80 6902 8735,"First floor, Pushpanjali Building, Shahid Khudiram Sarani",23.5383091,87.2938036,https://www.google.com/maps/search/?api=1&query=Barbeque%20Nation%20-%20Durgapur&query_place_id=ChIJU_1Dqr1z9zkRtEubBng5E08,True
Barbeque Nation-Rajarhat,4.5,3204,Unknown,West Bengal,IN,700136,+91 80 6902 8723,N/A,22.623189,88.4504015,https://www.google.com/maps/search/?api=1&query=Barbeque%20Nation-Rajarhat&query_place_id=ChIJt6OEQyOf-DkR_Jx3jwHUITg,True
Barbeque Nation - Kolkata - Acropolis Mall,4.5,1118,Kolkata,West Bengal,IN,700107,+91 80 6902 8723,"Acropolis Mall, 1858/1",22.5152494,88.3932272,https://www.google.com/maps/search/?api=1&query=Barbeque%20Nation%20-%20Kolkata%20-%20Acropolis%20Mall&query_place_id=ChIJ2R3KaI9zAjoR7qPbfF1nSFo,True
"Barbeque Nation - River Side Mall, Lucknow",4.4,7081,Lucknow,Uttar Pradesh,IN,226010,+91 80 6902 8749,"RiverSide Mall, 3rd floor, Gomti Nagar Ext Bypass Rd",26.852979,80.9735546,https://www.google.com/maps/search/?api=1&query=Barbeque%20Nation%20-%20River%20Side%20Mall%2C%20Lucknow&query_place_id=ChIJAQBArTv9mzkRAfGAlUzHEVw,True
"Barbeque Nation, Siliguri",4.4,5078,Siliguri,West Bengal,IN,734001,+91 80 6902 8751,"2nd Floor, PRM Sevoke 1, Sevoke Rd",26.7355392,88.433214,https://www.google.com/maps/search/?api=1&query=Barbeque%20Nation%2C%20Siliguri&query_place_id=ChIJJ9bBAZFB5DkRCiV6t5indE4,True
Barbeque Nation - Barasat,4.3,1712,Kolkata,West Bengal,IN,700124,+91 80 6902 8723,"N-19, Jessore Rd",22.7113379,88.477154,https://www.google.com/maps/search/?api=1&query=Barbeque%20Nation%20-%20Barasat&query_place_id=ChIJX8QTFfCZ-DkRdIFpL0_JvYo,True
Barbeque Nation,4.4,5107,Prayagraj,Uttar Pradesh,IN,211001,+91 80 6902 8710,"5th Floor, P Square Mall, Mahatma Gandhi Marg",25.4493688,81.8394706,https://www.google.com/maps/search/?api=1&query=Barbeque%20Nation&query_place_id=ChIJ6zp7bcbKmjkRBFUuR1FfrfI,True
Barbeque Nation- Sarjapur Road,4.1,6558,Bengaluru,Karnataka,IN,560035,+91 80 6405 8001,"3rd Floor, Ashrith, Aries 53, 1, Sarjapur Main Rd, opposite HP Petrol Pump",12.9092597,77.6876436,https://www.google.com/maps/search/?api=1&query=Barbeque%20Nation-%20Sarjapur%20Road&query_place_id=ChIJTaPb6esTrjsR7oWu5bRlclE,True
Barbeque Nation - Nellore - NVR Central,4.1,4019,Nellore,Andhra Pradesh,IN,524003,+91 80 6902 8784,"4th Floor, NVR Central, Grand Trunk Road, above Dr. Agarwal Eye Hospital",14.433866,79.968537,https://www.google.com/maps/search/?api=1&query=Barbeque%20Nation%20-%20Nellore%20-%20NVR%20Central&query_place_id=ChIJpXvXvijzTDoRcklrzv4Buxc,True
Barbeque Nation - Varanasi,4.4,5436,Varanasi,Uttar Pradesh,IN,221002,+91 80 6902 8709,"3rd Floor, JHV Mall, The Mall Rd, near Ramada Hotel",25.3356311,82.9776407,https://www.google.com/maps/search/?api=1&query=Barbeque%20Nation%20-%20Varanasi&query_place_id=ChIJAQDA-MMtjjkR38ZxjhKaFKY,True
Barbeque Nation - Aliganj,4.3,1638,Lucknow,Uttar Pradesh,IN,226024,+91 80 6902 8749,"Plot no.5, 3rd floor, STW infinity, opposite Kendriya Bhawan, near purania chauraha",26.8930059,80.9436202,https://www.google.com/maps/search/?api=1&query=Barbeque%20Nation%20-%20Aliganj&query_place_id=ChIJEzyTCdNXmTkRKnvroCs4_OM,True
Barbeque Nation,4.1,554,"Lucknow, Hariharpur",Uttar Pradesh,IN,226030,+91 80 6902 8749,"3rd Floor, Tahsil, Lulu Mall, Amar Shaheed Path",26.7836087,80.9911365,https://www.google.com/maps/search/?api=1&query=Barbeque%20Nation&query_place_id=ChIJ53QUdhDlmzkRiZ3TG_o7Mbs,True
"Fiesta By Barbeque Nation - Swaroop Nagar, Kanpur",4.4,1121,Kanpur,Uttar Pradesh,IN,208002,+91 80 6902 6714,"112/369, 2nd Floor, Prabhu Krishna Shopping Complex, near Prakhar Hospital",26.4819279,80.3209542,https://www.google.com/maps/search/?api=1&query=Fiesta%20By%20Barbeque%20Nation%20-%20Swaroop%20Nagar%2C%20Kanpur&query_place_id=ChIJdx-TwWA5nDkRZHlLLGA9GCE,True
"Barbeque Nation - Rohtas Summit, Lucknow",4.3,3505,Lucknow,Uttar Pradesh,IN,226010,+91 80 6902 8749,"Building Name "" Rohtas Summit"" Third Floor, B-04 to 307, Padera - Harchandpur Rd",26.8652412,81.0120408,https://www.google.com/maps/search/?api=1&query=Barbeque%20Nation%20-%20Rohtas%20Summit%2C%20Lucknow&query_place_id=ChIJjebUezzjmzkRA1edAqZLj64,True
Barbeque Nation - Kochi - LuLu Mall,4.2,908,"Kochi, Ernakulam",Kerala,IN,682024,+91 80 6902 8706,"Lulu Mall, 3rd floor 34/1000, 47, Old NH17",10.0260086,76.3082903,https://www.google.com/maps/search/?api=1&query=Barbeque%20Nation%20-%20Kochi%20-%20LuLu%20Mall&query_place_id=ChIJ1YSnGRUNCDsRjVSpHO0z0GU,True
Barbeque Nation- Puducherry,4.1,4828,Puducherry,Puducherry,IN,605001,+91 80 6902 8747,"4th Floor, WRHH+R95 Naga Progress Avenue, 120, Bussy St",11.9295489,79.8284385,https://www.google.com/maps/search/?api=1&query=Barbeque%20Nation-%20Puducherry&query_place_id=ChIJA8rG94BhUzoRS_Hf2s1beqw,True
Barbeque Nation,4.3,5026,Tiruchirappalli,Tamil Nadu,IN,620001,+91 80 6902 8764,"No-9, 3rd Floor, Reynolds Road, Manghalam Towers, near Court bus stop",10.8071479,78.6815567,https://www.google.com/maps/search/?api=1&query=Barbeque%20Nation&query_place_id=ChIJk788Eg31qjsR9ti7usE9z1Q,True
Barbeque Nation - Coimbatore - Fun Mall,4.3,3099,Coimbatore,Tamil Nadu,IN,641004,+91 80 6902 8740,"Avinashi Rd, near PSG Krishnammal College",11.0243915,77.0105797,https://www.google.com/maps/search/?api=1&query=Barbeque%20Nation%20-%20Coimbatore%20-%20Fun%20Mall&query_place_id=ChIJuQKYCq5XqDsRdmkL-92LmQo,True
"Barbeque Nation – Vetri Cinemas, Madurai",4.0,249,Madurai,Tamil Nadu,IN,625007,+91 80 6902 8763,"74, 75, 76, Chambakulam, Bus Stand, Ground Floor, TC No. 73, opp. to Mattuthavani",9.9453874,78.1549648,https://www.google.com/maps/search/?api=1&query=Barbeque%20Nation%20%E2%80%93%20Vetri%20Cinemas%2C%20Madurai&query_place_id=ChIJj8Wiji_FADsRIy3ycqnzv4o,True
Barbeque Nation - Erode - Perundurai Road,4.3,5722,Erode,Tamil Nadu,IN,638011,+91 80 6902 8765,"2nd Floor, Veeras Vega, No.68, Perundurai Rd, next to Reliance Mall",11.3341856,77.7059152,https://www.google.com/maps/search/?api=1&query=Barbeque%20Nation%20-%20Erode%20-%20Perundurai%20Road&query_place_id=ChIJ59HkqBhvqTsR7ueGXwCrADA,True
"Barbeque Nation - Veera's Avenue, Tiruppur",4.2,3850,Tiruppur,Tamil Nadu,IN,641604,+91 80 6902 8788,"Municipality Office Building, 2nd Floor, Veera’s Avenue, No 24, Above Big Bazaar Valarmathi Bus Stop",11.1024978,77.3472974,https://www.google.com/maps/search/?api=1&query=Barbeque%20Nation%20-%20Veera's%20Avenue%2C%20Tiruppur&query_place_id=ChIJ-8vxhrsHqTsRDHZFiERBZ2s,True
Barbeque Nation,4.3,6409,Salem,Tamil Nadu,IN,636016,+91 80 6902 8762,"3rd Floor,Jaykumar Plaza Saradha College, Main, Road",11.677087,78.1411372,https://www.google.com/maps/search/?api=1&query=Barbeque%20Nation&query_place_id=ChIJo81VlUTwqzsRsO2vGK66o6E,True
Barbeque Nation - Thrissur - Selex Mall,4.1,2814,Thrissur,Kerala,IN,680005,+91 80 6405 8006,"2nd Floor Selex Mall, Thrissur - Palghat Rd",10.5225444,76.2247818,https://www.google.com/maps/search/?api=1&query=Barbeque%20Nation%20-%20Thrissur%20-%20Selex%20Mall&query_place_id=ChIJ33PbSkvupzsRly-1-cmP-_A,True
Barbeque Nation,4.3,8156,Thiruvananthapuram,Kerala,IN,695008,+91 80 6902 8739,"TC36/1276-3 Airport Road, near Panachamoottil Square, near Bye Pass",8.480339,76.9353374,https://www.google.com/maps/search/?api=1&query=Barbeque%20Nation&query_place_id=ChIJXd8xd3a7BTsRb-fISHrcGME,True
Barbeque Nation,4.1,12087,Doddathoguru,Karnataka,IN,560100,+91 80 6405 8001,"4th Floor, 94, 14th Cross Road, opposite Ajmera Apartment",12.8417276,77.6465724,https://www.google.com/maps/search/?api=1&query=Barbeque%20Nation&query_place_id=ChIJF--jlntrrjsRMuO_g_DGXsA,True
Barbeque Nation- Chromepet,3.9,7711,"Tambaram Sanatorium, Tambaram",Tamil Nadu,IN,600047,+91 80 6902 8724,"1 & 2, 1st Main Rd",12.9401235,80.130946,https://www.google.com/maps/search/?api=1&query=Barbeque%20Nation-%20Chromepet&query_place_id=ChIJ_Q6foItfUjoRCr1T1T9xr5o,True
Barbeque Nation,4.4,6010,Ranchi,Jharkhand,IN,834001,+91 80 6902 8767,"No 48, 3rd Floor, Max Building, Circular Rd, next to Pantaloons Store",23.3692309,85.3395348,https://www.google.com/maps/search/?api=1&query=Barbeque%20Nation&query_place_id=ChIJ7SINfoHh9DkR9r_6v4zrIxc,True
Barbeque Nation,4.5,1589,Jamshedpur,Jharkhand,IN,831001,+91 80 6902 6706,N/A,22.7991144,86.1808795,https://www.google.com/maps/search/?api=1&query=Barbeque%20Nation&query_place_id=ChIJm7fENXTj9TkRN41A-HCQEQM,True
Barbeque Nation - Ahmedabad - Prahladnagar,4.4,14642,Ahmedabad,Gujarat,IN,380015,+91 80 6902 8770,"1st Floor, Holiday Inn Express, Prahlad Nagar Rd, beside Venus Atlantis",23.0114705,72.5106463,https://www.google.com/maps/search/?api=1&query=Barbeque%20Nation%20-%20Ahmedabad%20-%20Prahladnagar&query_place_id=ChIJfc7qRCibXjkRbLy8ENeGRCA,True
Barbeque Nation - Ahmedabad - Nexus One,4.6,1748,Ahmedabad,Gujarat,IN,380054,+91 80 6902 8770,"3rd Floor, Nexus Ahmedabad One, Plot No. 216, Town Planning Rd, near Vastrapur Lake Road",23.0395887,72.5312105,https://www.google.com/maps/search/?api=1&query=Barbeque%20Nation%20-%20Ahmedabad%20-%20Nexus%20One&query_place_id=ChIJBXvefWSbXjkR_oTsmrJI4LM,True
Barbeque Nation- Nexus Amritsar Mall,4.8,2340,"Amritsar, Amritsar Cantt.",Punjab,IN,143006,+91 80 6902 8702,"2nd Floor, Nexus Mall, Unit Number -36, 37",31.6198611,74.907518,https://www.google.com/maps/search/?api=1&query=Barbeque%20Nation-%20Nexus%20Amritsar%20Mall&query_place_id=ChIJ9XG3DJl9GTkR_Z1B2N77cRk,True
Barbeque Nation - Pathankot,4.8,3526,Unknown,Punjab,IN,145023,+91 80 6902 8790,"2nd floor, Pathankot Downtown 44, Dadwal, NH 44",32.2875241,75.5970372,https://www.google.com/maps/search/?api=1&query=Barbeque%20Nation%20-%20Pathankot&query_place_id=ChIJG4bs3J15HDkRtPnxdsqVfE4,True
Barbeque Nation - Jaipur - Tonk Road,4.2,3362,Jaipur,Rajasthan,IN,302018,+91 80 6902 8704,"Show Room 01&02, 2nd floor, Jaipur Center Compelx, Sector B,Ashram Marg,Bye Pass PWD Chowki 4, Tonk Rd",26.8396146,75.7944405,https://www.google.com/maps/search/?api=1&query=Barbeque%20Nation%20-%20Jaipur%20-%20Tonk%20Road&query_place_id=ChIJgUXOK7a1bTkR_VCxaPbA35w,True
Barbeque Nation - Bharuch - City Center,4.6,1209,Bharuch,Gujarat,IN,392001,+91 80 6902 6717,"3rd Floor, City Center, Bus Station, Railway Station Rd",21.7036451,72.9969463,https://www.google.com/maps/search/?api=1&query=Barbeque%20Nation%20-%20Bharuch%20-%20City%20Center&query_place_id=ChIJfYw9D34h4DsRqI5HQ1BvKjs,True
Barbeque Nation - Jalandhar - Model Town,4.7,10785,Jalandhar,Punjab,IN,144001,+91 80 6902 8756,"387-L, Rainbow Rd",31.3052949,75.581481,https://www.google.com/maps/search/?api=1&query=Barbeque%20Nation%20-%20Jalandhar%20-%20Model%20Town&query_place_id=ChIJcbg9R6tbGjkRZBDR_VtWPI8,True
"Barbeque Nation- Southern Park Mall, Saket",4.3,17869,New Delhi,Delhi,IN,110017,+91 80 6902 8719,"GROUND FLOOR, SOUTHERN PARK MALL, UNIT NO-9, 10,11,12 & 14A, PLOT NO D-2",28.5273674,77.2192387,https://www.google.com/maps/search/?api=1&query=Barbeque%20Nation-%20Southern%20Park%20Mall%2C%20Saket&query_place_id=ChIJMbz4tfThDDkRGX0zEgCaJNQ,True
Barbeque Nation Rajouri Garden,4.5,2279,"New Delhi, Delhi",Delhi,IN,110027,+91 80 6902 8719,"3rd Floor, A2/41",28.6484131,77.1222522,https://www.google.com/maps/search/?api=1&query=Barbeque%20Nation%20Rajouri%20Garden&query_place_id=ChIJ4QwivsUDDTkRugm7OdDEnHY,True
"Barbeque Nation - GMS Road, Dehradun",4.7,3606,Dehradun,Uttarakhand,IN,248171,+91 80 6902 8714,"8273+3HC Tri Junction, Kamla Palace, 2nd Floor, Solus Towers, GMS Rd",30.3089771,78.0069748,https://www.google.com/maps/search/?api=1&query=Barbeque%20Nation%20-%20GMS%20Road%2C%20Dehradun&query_place_id=ChIJ0xEsj7krCTkRktv4pO4yd3U,True
Barbeque Nation - Nashik - City Centre Mall,4.3,5933,Nashik,Maharashtra,IN,422002,+91 80 6902 8738,"2nd Floor, City Centre Mall Sambaji Chowk, Lawate Nagar Banyan Square, Untwadi Rd",19.9907049,73.760946,https://www.google.com/maps/search/?api=1&query=Barbeque%20Nation%20-%20Nashik%20-%20City%20Centre%20Mall&query_place_id=ChIJHdvcknDr3TsR04tcpO-kdig,True
Barbeque Nation - Dadar,4.0,1333,Mumbai,Maharashtra,IN,400028,+91 80 6902 8718,"2nd, Floor Kohinoor Square NC Kelkar Marg, Ram Ganesh Gadkari Chowk",19.0247994,72.8415481,https://www.google.com/maps/search/?api=1&query=Barbeque%20Nation%20-%20Dadar&query_place_id=ChIJLSw41N3P5zsRNUJ_e-7PgKQ,True
Barbeque Nation - Surat - Parle Point,4.4,8209,Surat,Gujarat,IN,395007,+91 80 6902 8771,"1st Floor, Golden Square, Shaheed Veer Bhagat Singh Flyover Brg, near Sargam Shopping Center",21.1711689,72.7894822,https://www.google.com/maps/search/?api=1&query=Barbeque%20Nation%20-%20Surat%20-%20Parle%20Point&query_place_id=ChIJAwSByulN4DsR3K6NO-C2SCo,True
Barbeque Nation - Chandigarh - Sector 26,4.4,12908,Chandigarh,Chandigarh,IN,160019,+91 80 6902 8726,"Block 2, SCO 39, Madhya Marg, near Green Market Chowk",30.7260024,76.8049551,https://www.google.com/maps/search/?api=1&query=Barbeque%20Nation%20-%20Chandigarh%20-%20Sector%2026&query_place_id=ChIJedogrCHtDzkRBEx9LIGhVr4,True
"Barbeque Nation - South Extension, Delhi",4.4,1868,New Delhi,Delhi,IN,110049,+91 80 6902 8719,"D-6, 3rd Floor, above Hazoorilal Legacy Jewellers, Ring Rd",28.5681475,77.2216205,https://www.google.com/maps/search/?api=1&query=Barbeque%20Nation%20-%20South%20Extension%2C%20Delhi&query_place_id=ChIJIXBLEC3jDDkRurLAi15E2wQ,True
Barbeque Nation - Karnal,4.4,791,"Karnal, Uchana",Haryana,IN,132116,+91 80 6902 8793,"1st Floor, Savoy greens, karnal penguin resorts 131 KM Milestone, G.T. Road, Lake, near Karnal",29.7377569,76.9756866,https://www.google.com/maps/search/?api=1&query=Barbeque%20Nation%20-%20Karnal&query_place_id=ChIJW2723XYbEDkRX3UUoe3ovis,True
Barbeque Nation,4.2,7540,Noida,Uttar Pradesh,IN,201309,+91 80 6902 8727,"1st Floor, STELLAR IT PARK, Plot No 25",28.6129583,77.3624639,https://www.google.com/maps/search/?api=1&query=Barbeque%20Nation&query_place_id=ChIJdWr8EhLlDDkR5BwkTu4TDXg,True
Barbeque Nation,4.2,3775,"Greater Noida, Ghaziabad",Uttar Pradesh,IN,201318,+91 80 6902 8727,"5th Floor, Gaur City Mall, Greater Noida W Rd",28.6060995,77.4301084,https://www.google.com/maps/search/?api=1&query=Barbeque%20Nation&query_place_id=ChIJE-l0UbrvDDkR_w2I1wt9fnc,True
Barbeque Nation,4.2,15244,New Delhi,Delhi,IN,110001,+91 80 6902 8719,"No N96, 2nd Floor, Munshi Lal Building",28.6303618,77.2209904,https://www.google.com/maps/search/?api=1&query=Barbeque%20Nation&query_place_id=ChIJy0njiDb9DDkR-9nuP9aWDc4,True
Barbeque Nation,4.3,3780,"New Delhi, Delhi",Delhi,IN,110085,+91 80 6902 8719,"601, 6th Floor, Unity One, MLCP Plot Rohini West Metro Stn Cplx, Rohini",28.7150562,77.1162939,https://www.google.com/maps/search/?api=1&query=Barbeque%20Nation&query_place_id=ChIJsU0jC7UBDTkRNkemP9YevI8,True
Barbeque Nation,4.3,9593,Gurugram,Haryana,IN,122018,+91 80 6902 8728,"SN G85, Gr Flr, Spaze Platinum Tower Gurgaon Sohna Highway,Near Raheja Mall, Sohna - Gurgaon Rd",28.4212187,77.0404348,https://www.google.com/maps/search/?api=1&query=Barbeque%20Nation&query_place_id=ChIJBx5-uJ0iDTkRAo7D8XrBGdA,True
"Barbeque Nation - Pacific D21 Mall, Dwarka",4.4,941,"New Delhi, Delhi",Delhi,IN,110077,+91 80 6902 8719,"Shop No, Pacific Mall, 2nd Floor, SH/2F/05 and SH/2F/08",28.552446,77.0580666,https://www.google.com/maps/search/?api=1&query=Barbeque%20Nation%20-%20Pacific%20D21%20Mall%2C%20Dwarka&query_place_id=ChIJ81VO7JEbDTkRFRWseAWl9QQ,True
Barbeque Nation,4.4,7765,Dehradun,Uttarakhand,IN,248001,+91 80 6902 8714,"Chaudhary Plaza, Rajpur Rd, Hathibarkala",30.3428326,78.0611661,https://www.google.com/maps/search/?api=1&query=Barbeque%20Nation&query_place_id=ChIJ9VGYQdQpCTkRECfJYKfaTbA,True
Barbeque Nation - Model Town,4.1,1025,Delhi,Delhi,IN,110033,+91 80 6902 8719,"2nd & 3rd Floor, B2",28.7042594,77.1894361,https://www.google.com/maps/search/?api=1&query=Barbeque%20Nation%20-%20Model%20Town&query_place_id=ChIJezmM2NYDDTkRa2I0dNquuwA,True
Barbeque Nation - Meerut - Panchsheel Colony,4.3,3805,Meerut,Uttar Pradesh,IN,250001,+91 80 6902 8711,"3rd Floor, Khasra No 5832, Pinnacle Tower, Garh Rd",28.9688442,77.7266577,https://www.google.com/maps/search/?api=1&query=Barbeque%20Nation%20-%20Meerut%20-%20Panchsheel%20Colony&query_place_id=ChIJx0L2Xb9kDDkRxhAS3pwRGWk,True
Barbeque Nation - Kompally,3.8,1547,"Hyderabad, Secunderabad",Telangana,IN,500014,+91 80 6405 8003,GFPQ+HQ3,17.5364124,78.489438,https://www.google.com/maps/search/?api=1&query=Barbeque%20Nation%20-%20Kompally&query_place_id=ChIJp3rL1MWFyzsRRMEyhZl3SEo,True
Barbeque Nation - Attapur,4.2,1102,Hyderabad,Telangana,IN,500048,+91 80 6405 8003,"4th Floor, Happy Home Fortuna, Hh Fortune, PV Narasimha Rao Expy, opp. Pillar No 175",17.3555403,78.422699,https://www.google.com/maps/search/?api=1&query=Barbeque%20Nation%20-%20Attapur&query_place_id=ChIJncXNAhiXyzsRumni7kMunW0,True
Barbeque Nation - Hyderabad - Kondapur,4.1,6657,Hyderabad,Telangana,IN,500084,+91 80 6405 8003,"G, Sri Mytri Square, 3, Gachibowli - Miyapur Rd, near Laxmi Cyber City, opposite Sarath City Mall",17.4572403,78.3656364,https://www.google.com/maps/search/?api=1&query=Barbeque%20Nation%20-%20Hyderabad%20-%20Kondapur&query_place_id=ChIJ0VfBfkuTyzsRSMtiRe7sep8,True
Barbeque Nation,4.2,11219,Hyderabad,Telangana,IN,500033,+91 80 6405 8003,"Alcazar Mall, 498, Road No. 36",17.4330419,78.4069909,https://www.google.com/maps/search/?api=1&query=Barbeque%20Nation&query_place_id=ChIJa7nEjkiRyzsRZDxlC0A6IKY,True
"Barbeque Nation- Uppal, Hyderabad",4.1,712,Hyderabad,Telangana,IN,500039,+91 80 6405 8003,"4th floor, DSL Virtue Mall, near Rajiv Gandhi International Cricket Stadium",17.3996756,78.55487,https://www.google.com/maps/search/?api=1&query=Barbeque%20Nation-%20Uppal%2C%20Hyderabad&query_place_id=ChIJNSur_WGZyzsRYIxoILXxcy0,True
Barbeque Nation - Kolkata - Lake Mall,4.4,4043,Kolkata,West Bengal,IN,700029,+91 80 6902 8723,"4th Floor, Lake Mall, Shop No 410,104, Rash Behari Ave",22.516551,88.3486982,https://www.google.com/maps/search/?api=1&query=Barbeque%20Nation%20-%20Kolkata%20-%20Lake%20Mall&query_place_id=ChIJWUuyYuR3AjoRj78Bsvp_9P4,True
Barbeque Nation - Howrah Maidan,4.3,2355,Howrah,West Bengal,IN,711101,+91 80 6902 8723,"1 No, Platina Mall, 5th Floor, Nityadhan Mukherjee Rd, opposite Howrah Maidan Metro Station",22.5812547,88.332667,https://www.google.com/maps/search/?api=1&query=Barbeque%20Nation%20-%20Howrah%20Maidan&query_place_id=ChIJ5_j8r8B3AjoRDxzzCSwdZGI,True
Barbeque Nation,4.5,6532,Kolkata,West Bengal,IN,700055,+91 80 6902 8723,"4th Floor, Diamond City Mall, DIAMOND PLAZA, 68, Jessore Rd",22.6154536,88.4121659,https://www.google.com/maps/search/?api=1&query=Barbeque%20Nation&query_place_id=ChIJVVXBoh2e-DkRKEenw1n---I,True
Barbeque Nation - Asansol - Sentrum Mall,4.5,1615,Asansol,West Bengal,IN,713305,+91 80 6902 8794,"4th Floor, Sentrum Mall, Shristi Nagar Road",23.703545,86.9478533,https://www.google.com/maps/search/?api=1&query=Barbeque%20Nation%20-%20Asansol%20-%20Sentrum%20Mall&query_place_id=ChIJrdAJ3F4f9zkRkIM0vrHrrlM,True
"Barbeque Nation - Alokik’s Emporio Mall, Saraidhella",4.5,298,"Saraidhella, Dhanbad",Jharkhand,IN,826007,+91 80 6902 6706,"2nd floor, Alokik's Emporio, Saraidhela Rd, near Sunit Petrol Pump",23.8120759,86.4551704,https://www.google.com/maps/search/?api=1&query=Barbeque%20Nation%20-%20Alokik%E2%80%99s%20Emporio%20Mall%2C%20Saraidhella&query_place_id=ChIJ__-dX_m99jkR9sjG3gPXJPA,True
"Barbeque Nation - Kalyani, Kolkata",4.5,862,"Kalyani, Kolkata",West Bengal,IN,741235,+91 80 6902 8723,"3rd floor, B - 9/10 (ca) of Block B",22.9784724,88.4370502,https://www.google.com/maps/search/?api=1&query=Barbeque%20Nation%20-%20Kalyani%2C%20Kolkata&query_place_id=ChIJD1D-1hJ3AjoRE9MDbF2MNKs,True
Barbeque Nation,4.4,692,Kolkata,West Bengal,IN,700087,+91 80 6902 6709,"8 & 4, Formerly, Lindsay St",22.5596778,88.3518738,https://www.google.com/maps/search/?api=1&query=Barbeque%20Nation&query_place_id=ChIJSZVi8q53AjoRkCXde4TByp0,True
Barbeque Nation - Malda,4.3,130,"Dakshin Jadupur, Uttar Jadupur",West Bengal,IN,732103,+91 80 6902 8722,"4th Floor, PRM Centre Point, Jadupur Rd",24.9779124,88.1316661,https://www.google.com/maps/search/?api=1&query=Barbeque%20Nation%20-%20Malda&query_place_id=ChIJ5THGVG__-jkRD6ofH1vFYmc,True
Barbeque Nation,4.6,5,Kolkata,West Bengal,IN,700087,+91 80 6902 8721,"LINDA SAY STREET, No-20A,1st floor Humayan court,Nellie sengupta sarani, Formerly, Lindsay St, opp. Sreeleathers",22.5598314,88.3516439,https://www.google.com/maps/search/?api=1&query=Barbeque%20Nation&query_place_id=ChIJ2Rg07Ah3AjoR8dFaCWZBvuQ,True
Barbeque Nation,4.4,8219,New Delhi,Delhi,IN,110070,+91 80 6902 8719,"Plot No 11, Pocket 7, Pyramid Local Shopping Complex, near Delhi Public School",28.5365602,77.1476661,https://www.google.com/maps/search/?api=1&query=Barbeque%20Nation&query_place_id=ChIJ-W6xp9UdDTkRCi0FB8rW5KU,True
Barbeque Nation,4.2,2984,"New Delhi, Delhi",Delhi,IN,110078,+91 80 6902 8719,"SHOP NO. R, 5th Floor, Vegas Mall, 05",28.6014731,77.0291717,https://www.google.com/maps/search/?api=1&query=Barbeque%20Nation&query_place_id=ChIJq5euqyIbDTkRdJJZuIvoUk4,True
Barbeque Nation - Agra - Ashok Cosmos Mall,4.3,2035,Agra,Uttar Pradesh,IN,282002,+91 80 6902 8757,3rd,27.2010609,78.0085999,https://www.google.com/maps/search/?api=1&query=Barbeque%20Nation%20-%20Agra%20-%20Ashok%20Cosmos%20Mall&query_place_id=ChIJO7MEJBt3dDkRXPdZD57vt7s,True
Barbeque Nation,4.2,2113,"Noida, Shahpur Govardhanpur Bangar",Uttar Pradesh,IN,201304,+91 80 6902 8727,"Fl 2, Jaypee Green, Plot No. C1-D1",28.5105185,77.3695388,https://www.google.com/maps/search/?api=1&query=Barbeque%20Nation&query_place_id=ChIJxcYrQLjnDDkR7rn-K4A86qE,True
Barbeque Nation,4.3,10054,"New Delhi, Delhi",Delhi,IN,110058,+91 80 6902 8719,"2nd Floor, Unity One, Najafgarh Rd",28.6286757,77.0764692,https://www.google.com/maps/search/?api=1&query=Barbeque%20Nation&query_place_id=ChIJq6qqqq8EDTkRyAJbLbc4Q58,True
Barbeque Nation - Ambience Mall - Gurgaon,4.2,5220,Gurugram,Haryana,IN,122010,+91 80 6902 8728,"R401, 4th Flr, Gate No 4, Ambience Mall",28.5025847,77.0971616,https://www.google.com/maps/search/?api=1&query=Barbeque%20Nation%20-%20Ambience%20Mall%20-%20Gurgaon&query_place_id=ChIJmX2AiE4ZDTkRcTPFcLo6RIA,True
Barbeque Nation,4.3,17102,Noida,Uttar Pradesh,IN,201301,+91 80 6902 8727,"Gr Flr, Hotel Savoy Suites, A79A, Captain Vijyant Thapar Marg",28.5801739,77.3152551,https://www.google.com/maps/search/?api=1&query=Barbeque%20Nation&query_place_id=ChIJy3fL91vkDDkRE82DgeVeJBo,True
"Barbeque Nation - Delhi Connaught Place, Regal Building",4.2,338,New Delhi,Delhi,IN,110001,+91 80 6902 8719,"1st Floor, Regal Building",28.6314109,77.2170442,https://www.google.com/maps/search/?api=1&query=Barbeque%20Nation%20-%20Delhi%20Connaught%20Place%2C%20Regal%20Building&query_place_id=ChIJV86eqPr9DDkRIyjiODcNXBM,True
Barbeque Nation - Laxmi Nagar,4.2,8725,Delhi,Delhi,IN,110092,+91 80 6902 8719,"1st Floor B-20,21, 126/10, Gurunanak Pura, opp. V3S Mall",28.6370457,77.2850701,https://www.google.com/maps/search/?api=1&query=Barbeque%20Nation%20-%20Laxmi%20Nagar&query_place_id=ChIJH3VOGeX9DDkRMi8B5TLj7XY,True
Barbeque Nation - Jammu,4.4,6099,Jammu,Jammu And Kashmir,IN,180011,+91 80 6902 8752,"1st Floor, RV Square, Lane No. 11 , R V SEVEN SQUARE, opposite New Choice Resort Club",32.6696747,74.8936011,https://www.google.com/maps/search/?api=1&query=Barbeque%20Nation%20-%20Jammu&query_place_id=ChIJ0-n03kaDHjkRyjF62W0mKsU,True
Barbeque Nation - Patiala - Urban Estate,4.5,5517,Patiala,Punjab,IN,147002,+91 80 6902 8701,"3rd floor SCO 37 & 38, NH 64, Rajpura Rd",30.3454011,76.4374219,https://www.google.com/maps/search/?api=1&query=Barbeque%20Nation%20-%20Patiala%20-%20Urban%20Estate&query_place_id=ChIJFaXqjBUoEDkRSh-GGEC7viU,True
Barbeque Nation - M3M IFC,4.0,1272,Gurugram,Haryana,IN,122101,+91 80 6902 8728,"2nd Floor, M3M International Financial Center",28.4052001,77.0583827,https://www.google.com/maps/search/?api=1&query=Barbeque%20Nation%20-%20M3M%20IFC&query_place_id=ChIJQRRa5OwjDTkRGxAAyAgTB3Y,True
"Barbeque Nation - CP67 Mall , Mohali",4.4,781,Sahibzada Ajit Singh Nagar,Punjab,IN,160062,+91 80 6902 8715,"3rd floor, CP67 Mall, International Airport Road",30.6773381,76.7238014,https://www.google.com/maps/search/?api=1&query=Barbeque%20Nation%20-%20CP67%20Mall%20%2C%20Mohali&query_place_id=ChIJYy_AnNjrDzkRW0R3LWgpE68,True
Barbeque Nation Kaushambi,4.4,1183,Ghaziabad,Uttar Pradesh,IN,201010,+91 80 6902 8719,"East Delhi Mall, Plot no.1, 2nd floor",28.6413382,77.3169169,https://www.google.com/maps/search/?api=1&query=Barbeque%20Nation%20Kaushambi&query_place_id=ChIJZ2V_JlT7DDkR5fqS9GhJl5I,True
Barbeque Nation - SS Omnia,4.1,1423,Gurugram,Haryana,IN,122012,+91 80 6902 8728,"1st Floor, Ss Omnia",28.4013219,76.9472054,https://www.google.com/maps/search/?api=1&query=Barbeque%20Nation%20-%20SS%20Omnia&query_place_id=ChIJT3vKm109DTkRc__6y7HLF3Y,True
Barbeque Nation,4.3,4800,Ghaziabad,Uttar Pradesh,IN,201002,+91 80 6902 8781,"Gaur Central Mall, 5th Floor, opposite HDFC Bank",28.673997,77.4400991,https://www.google.com/maps/search/?api=1&query=Barbeque%20Nation&query_place_id=ChIJQ8_H57vxDDkRC-Urkw88wz4,True
Barbeque Nation,4.4,7030,"Noida, Greater Noida",Uttar Pradesh,IN,201310,+91 80 6902 8727,"4, 2nd Floor, Omaxe, CP Mall Rd, near CNG Filling Station",28.4889776,77.5146412,https://www.google.com/maps/search/?api=1&query=Barbeque%20Nation&query_place_id=ChIJFT1JgIrqDDkRAffk6X2jmIk,True
"Barbeque Nation - Alambagh, Phoenix United Mall",4.3,1149,Lucknow,Uttar Pradesh,IN,226012,+91 80 6902 8749,"Plot No, Phoenix Mall Unit No. T- 15 & 15 A 3rd Floor, CP-08, Sector B Rd",26.7987705,80.8970238,https://www.google.com/maps/search/?api=1&query=Barbeque%20Nation%20-%20Alambagh%2C%20Phoenix%20United%20Mall&query_place_id=ChIJ-0CH6nT_mzkRq2BQ6uD4vQI,True
Barbeque Nation Amravati,4.1,517,Amravati,Maharashtra,IN,444607,+91 80 6902 8718,"Tapadia City Centre 4th floor Gopal Nagar Square, Badnera Rd",20.9001594,77.7482033,https://www.google.com/maps/search/?api=1&query=Barbeque%20Nation%20Amravati&query_place_id=ChIJCYEOFcyl1jsRgai3ay9bGHU,True
Barbeque Nation - Hyderabad - Kukatpally,4.3,7907,Hyderabad,Telangana,IN,500072,+91 80 6405 8003,"B Phase 6, Nexus Mall, Restaurant No.2, Sy.no.1009",17.4841257,78.3890878,https://www.google.com/maps/search/?api=1&query=Barbeque%20Nation%20-%20Hyderabad%20-%20Kukatpally&query_place_id=ChIJHTN2JImRyzsR7PY5wu0fuVw,True
Barbeque Nation - Kothapet,4.1,7767,Hyderabad,Telangana,IN,500035,+91 80 6405 8003,"Vaishnavi Onyx-1, Unit No.G-3, 8 & 9/1/1/15, Kothapet Rd",17.3597634,78.5440564,https://www.google.com/maps/search/?api=1&query=Barbeque%20Nation%20-%20Kothapet&query_place_id=ChIJ4SS6j-CZyzsRJSltqhlhh2Y,True
"Barbeque Nation - Phoenix Centaurus, Gachibowli",4.2,10535,"Manikonda, Hyderabad",Telangana,IN,500032,+91 80 6902 8720,"Ground Floor, Centarus By Phoenix, 203(P",17.4267282,78.3402791,https://www.google.com/maps/search/?api=1&query=Barbeque%20Nation%20-%20Phoenix%20Centaurus%2C%20Gachibowli&query_place_id=ChIJ7Zqp2oOTyzsRlbQ3sd9vXCc,True
Barbeque Nation - Abids,4.1,1701,Hyderabad,Telangana,IN,500001,+91 80 6405 8003,"City plaza building, 3rd Floor, opposite to St. George's Grammar School",17.3922965,78.4760084,https://www.google.com/maps/search/?api=1&query=Barbeque%20Nation%20-%20Abids&query_place_id=ChIJMaiCX7-XyzsREyrYKz6-Mho,True
Barbeque Nation - Sinhagad,4.4,1558,Pune,Maharashtra,IN,411051,+91 80 6902 8725,"2nd Floor, Grand Horizon Mall, Sinhgad Rd",18.4734602,73.8221539,https://www.google.com/maps/search/?api=1&query=Barbeque%20Nation%20-%20Sinhagad&query_place_id=ChIJNTDzhYOVwjsRb1PHKVhmz7c,True
Barbeque Nation - Kalyani Nagar - Pune,4.3,14443,Pune,Maharashtra,IN,411006,+91 80 6902 8725,"HV3X+2W2, Palace View Road, Near Aga Khan Palace, Pune Nagar Rd, near Barbeque Nation",18.552502,73.8997647,https://www.google.com/maps/search/?api=1&query=Barbeque%20Nation%20-%20Kalyani%20Nagar%20-%20Pune&query_place_id=ChIJdb-swxnBwjsROTq_vlbOEx8,True
Barbeque Nation - Pune - Deccan,4.3,13328,Pune,Maharashtra,IN,411004,+91 80 6902 8725,"Ground Floor, Deccan Mall, Bus Stop, R, Jangali Maharaj Rd, opposite Deccan Gymkhana",18.5164341,73.8422187,https://www.google.com/maps/search/?api=1&query=Barbeque%20Nation%20-%20Pune%20-%20Deccan&query_place_id=ChIJgxQS-3fAwjsRje6eRKPGAaM,True
Barbeque Nation - Pune - NIBM,4.2,3131,Pune,Maharashtra,IN,411048,+91 80 6902 8725,"R floor, NIBM Rd",18.4674846,73.9017997,https://www.google.com/maps/search/?api=1&query=Barbeque%20Nation%20-%20Pune%20-%20NIBM&query_place_id=ChIJPUsqQQbrwjsRT8PdI4WxnYU,True
Barbeque Nation - Pune - Amanora,4.4,7175,Pune,Maharashtra,IN,411028,+91 80 6902 8725,"Unit No. 28 & 29, Ground Floor, East Block, Amanora Mall Amanora Town Centre, Kharadi - Hadapsar Bypass Rd",18.5186357,73.9353284,https://www.google.com/maps/search/?api=1&query=Barbeque%20Nation%20-%20Pune%20-%20Amanora&query_place_id=ChIJWWrjqCDCwjsRDNwKS-_xVMw,True
Barbeque Nation - Pune - Wakad,4.0,10563,"Pune, Pimpri-Chinchwad",Maharashtra,IN,411057,+91 80 6405 8002,"135-136, 10th Floor, Sayaji Hotel, Mumbai-Bangalore, Bypass Highway",18.5996019,73.7548527,https://www.google.com/maps/search/?api=1&query=Barbeque%20Nation%20-%20Pune%20-%20Wakad&query_place_id=ChIJdbNR7WS5wjsRUdR0TnhojN0,True
Barbeque Nation - Chinchwad - Pune,4.2,1642,Pimpri-Chinchwad,Maharashtra,IN,411033,+91 80 6902 8725,"3rd Floor, Above Food Court, Elpro City Square Mall Chapekar Chowk Flyover, MG Rd",18.6287187,73.78327,https://www.google.com/maps/search/?api=1&query=Barbeque%20Nation%20-%20Chinchwad%20-%20Pune&query_place_id=ChIJlQxDSBLI5zsRbosa-Dl-lLM,True
Barbeque Nation - Wakad- Phoenix Mall,4.3,1026,Pimpri-Chinchwad,Maharashtra,IN,411057,+91 80 6902 6718,"4th Floor S, Landmark - Phoenix the Mall of millenniums, 132/23, Hinjewadi - Wakad Rd",18.6001448,73.7567739,https://www.google.com/maps/search/?api=1&query=Barbeque%20Nation%20-%20Wakad-%20Phoenix%20Mall&query_place_id=ChIJjxcMKWu5wjsRfrvmKpqhVwY,True
Barbeque Nation - Mumbai - Panvel,4.1,4068,"Mumbai, Panvel",Maharashtra,IN,410206,+91 80 6405 8002,"3rd Floor, Orion Mall, Bus Depot, FP No 311, Mumbai - Pune Expy",18.9935182,73.1153675,https://www.google.com/maps/search/?api=1&query=Barbeque%20Nation%20-%20Mumbai%20-%20Panvel&query_place_id=ChIJC1bb5kHo5zsRBGIhT1V4Fm8,True
Barbeque Nation,4.3,6680,"Mumbai, Kalyan",Maharashtra,IN,421306,+91 80 6405 8002,"Besides Inox Cinemas, Metro Junction Mall",19.2300194,73.123306,https://www.google.com/maps/search/?api=1&query=Barbeque%20Nation&query_place_id=ChIJNxHuVs-V5zsRNP07hNFbbYY,True
Barbeque Nation - Aurangabad - Prozone Mall,4.3,2609,Chhatrapati Sambhajinagar,Maharashtra,IN,431006,+91 80 6902 8736,"1st, Food Court, Prozone Mall, API Rd",19.8768531,75.3729279,https://www.google.com/maps/search/?api=1&query=Barbeque%20Nation%20-%20Aurangabad%20-%20Prozone%20Mall&query_place_id=ChIJD1N5jnij2zsRgz2InVbPAFc,True
Barbeque Nation - Mumbai - Belapur,4.4,10066,Navi Mumbai,Maharashtra,IN,400614,+91 80 6405 8002,"G 006, Plot No. 65, Ground Floor, Sharda Terraces",19.0143992,73.0387233,https://www.google.com/maps/search/?api=1&query=Barbeque%20Nation%20-%20Mumbai%20-%20Belapur&query_place_id=ChIJ25O3oqzD5zsR8MCLxAuyGwY,True
"Barbeque Nation - Xperia Mall, Dombivli",4.5,1065,"Dombivli, Mumbai",Maharashtra,IN,421204,+91 80 6405 8002,"3rd Floor Lodha Xperia Mall, Kalyan - Shilphata Rd Palava",19.1656494,73.0752599,https://www.google.com/maps/search/?api=1&query=Barbeque%20Nation%20-%20Xperia%20Mall%2C%20Dombivli&query_place_id=ChIJXVGT4V6_5zsRt0mAd0Z4JRA,True
Barbeque Nation - Navi Mumbai - Nerul,4.3,7036,Navi Mumbai,Maharashtra,IN,400706,+91 80 6405 8002,"First Floor, Plot # 20, Beverley Park, Sector 6, Palm Beach Rd, above HDFC Bank",19.0436179,73.0089182,https://www.google.com/maps/search/?api=1&query=Barbeque%20Nation%20-%20Navi%20Mumbai%20-%20Nerul&query_place_id=ChIJUftNROTD5zsROU7jeFo2N60,True
Barbeque Nation,4.3,1598,Kolhapur,Maharashtra,IN,416005,+91 91300 62161,"9th Floor, Sayaji Hotel, 2104/15, E Ward, Old Pune-Bangalore Hwy",16.7037507,74.2502546,https://www.google.com/maps/search/?api=1&query=Barbeque%20Nation&query_place_id=ChIJE0kT_kYAwTsR4Jqa1vWh8IY,True
Barbeque Nation - Hubballi,4.3,3688,Hubballi,Karnataka,IN,580030,+91 80 6902 8782,"2nd floor, Venkatagiri Plaza, Gokul Rd, opp. Oasis Mall",15.3507128,75.1101451,https://www.google.com/maps/search/?api=1&query=Barbeque%20Nation%20-%20Hubballi&query_place_id=ChIJLeHfzyDXuDsR3se64ZoBdL4,True
Barbeque Nation - Mumbai - Worli,4.3,9777,Mumbai,Maharashtra,IN,400018,+91 80 6405 8002,"4th Floor, Atria-The Millennium Mall, Dr Annie Besant Rd",18.9912457,72.8144358,https://www.google.com/maps/search/?api=1&query=Barbeque%20Nation%20-%20Mumbai%20-%20Worli&query_place_id=ChIJf1dhQIbO5zsR2Dk8FzQZyek,True
Barbeque Nation Mumbai Kurla,4.3,4663,Mumbai,Maharashtra,IN,400070,+91 80 6405 8002,"Unit S - 49 , 50, Lal Bahadur Shastri Marg",19.0862367,72.8888219,https://www.google.com/maps/search/?api=1&query=Barbeque%20Nation%20Mumbai%20Kurla&query_place_id=ChIJE81GBI3I5zsR_WbE_9mCe4o,True
Barbeque Nation - BKC Trade Center,4.0,1860,Mumbai,Maharashtra,IN,400098,+91 80 6405 8002,"Ground Floor, Trade Centre Bkc, 309",19.0727047,72.8709086,https://www.google.com/maps/search/?api=1&query=Barbeque%20Nation%20-%20BKC%20Trade%20Center&query_place_id=ChIJ36H6wH_J5zsRvRXnivhPlUM,True
"Barbeque Nation - Mumbai - Times Square, Sakinaka",4.2,8532,Mumbai,Maharashtra,IN,400044,+91 80 6405 8002,"Times Square, 3, Ground Tower A Time Square Building Andheri - Kurla Road Sakinaka",19.1081558,72.8841001,https://www.google.com/maps/search/?api=1&query=Barbeque%20Nation%20-%20Mumbai%20-%20Times%20Square%2C%20Sakinaka&query_place_id=ChIJufAK2mzI5zsR0gOEoEPuI4U,True
"Barbeque Nation - Mindspace Fusion, Airoli",4.2,250,Navi Mumbai,Maharashtra,IN,400708,+91 80 6405 8002,"MINDSPACE AIROLI EAST, Mind Space Fusion FNB, 9 & 10, Airoli Knowledge Park Rd",19.1607519,73.0007171,https://www.google.com/maps/search/?api=1&query=Barbeque%20Nation%20-%20Mindspace%20Fusion%2C%20Airoli&query_place_id=ChIJYcE4Tum55zsR8L_1JvRWvJY,True
Barbeque Nation - Mumbai - Ghodbunder Road,4.3,7389,"Mumbai, Thane",Maharashtra,IN,400615,+91 80 6405 8002,"4th Floor, Rosa Vista Maharashtra State Highway 42 opposite suraj Water Park Kavesar, Thane West Thane, Ghodbunder Rd",19.2558267,72.9716863,https://www.google.com/maps/search/?api=1&query=Barbeque%20Nation%20-%20Mumbai%20-%20Ghodbunder%20Road&query_place_id=ChIJlaFtIZW75zsRuiYYCaRchdA,True
Barbeque Nation - Hyderabad - Miyapur,4.1,1688,"Miyapur, Hyderabad",Telangana,IN,500049,+91 80 6405 8003,"part, 4th floor, Gsm Mall, survey no.99 part A & 100, opp. to My Home Jewels Apartments",17.4960923,78.3355025,https://www.google.com/maps/search/?api=1&query=Barbeque%20Nation%20-%20Hyderabad%20-%20Miyapur&query_place_id=ChIJfTXgAFKTyzsR69kDPPdfQoQ,True
Barbeque Nation,4.1,1095,Hyderabad,Telangana,IN,500032,+91 80 6405 8003,"in Plot No.2, in Phase 1 of Hyberabad, C9MJ+WXX Shop No.4 & 6, part of Unit 2B, No.83/1, Knowledge City Rd",17.4350241,78.3826217,https://www.google.com/maps/search/?api=1&query=Barbeque%20Nation&query_place_id=ChIJxc5yBACTyzsR61Ldj_HoqW4,True
Dumsafar Biryani by Barbeque Nation - Banjara Hill,3.7,3,Hyderabad,Telangana,IN,500034,+91 70241 73288,"3 5, 1st Floor, ANR Centre, Road No.1 Plot No.6, 249, Road No. 1",17.4152102,78.4503027,https://www.google.com/maps/search/?api=1&query=Dumsafar%20Biryani%20by%20Barbeque%20Nation%20-%20Banjara%20Hill&query_place_id=ChIJB0LoCuKXyzsRhVPueJY5JVo,True
Barbeque Nation - Hyderabad - AS Rao Nagar,4.3,5927,Secunderabad,Telangana,IN,500062,+91 80 6405 8003,"3rd Floor, RD Mall, Plot No A3, next to Poulami Hospital",17.4824624,78.5531081,https://www.google.com/maps/search/?api=1&query=Barbeque%20Nation%20-%20Hyderabad%20-%20AS%20Rao%20Nagar&query_place_id=ChIJYd1G9pWbyzsRpNpnXQ3793o,True
Barbeque Nation - Kadapa,4.6,1405,Kadapa,Andhra Pradesh,IN,516001,+91 80 6263 9001,"3rd Floor RSR Square Mall, Sandhya Circle, 1/700, Railway Station Rd",14.4633896,78.8235411,https://www.google.com/maps/search/?api=1&query=Barbeque%20Nation%20-%20Kadapa&query_place_id=ChIJZdjp9ClzszsRlpWUebyU0Qw,True
Dumsafar Biryani by Barbeque Nation- ABIDS,5.0,3,Hyderabad,Telangana,IN,500001,+91 70241 73288,"3Rd Floor, City Plaza Building, opposite St. George Grammar School",17.392292,78.475965,https://www.google.com/maps/search/?api=1&query=Dumsafar%20Biryani%20by%20Barbeque%20Nation-%20ABIDS&query_place_id=ChIJJ2tL8LmZyzsRfjZbTUAPYdI,True
Barbeque Nation,4.2,8310,Thane,Maharashtra,IN,400606,+91 80 6405 8002,"2nd Floor, Korum Mall, Mangal Pandey Road Near Cadbury Compound, Eastern Express Hwy",19.2029367,72.9651819,https://www.google.com/maps/search/?api=1&query=Barbeque%20Nation&query_place_id=ChIJoQV1aBq55zsRNP51HJE9S0s,True
Barbeque Nation Fun Republic,4.2,1397,Mumbai,Maharashtra,IN,400053,+91 80 6902 8718,"6th Floor Fun Republic Mall, New Link Rd",19.134979,72.8330266,https://www.google.com/maps/search/?api=1&query=Barbeque%20Nation%20Fun%20Republic&query_place_id=ChIJ27LB6fO35zsRLwxkS57dmEw,True
Barbeque Nation - Malad,3.7,94,Mumbai,Maharashtra,IN,400064,+91 80 6405 8002,"2nd floor, Inorbit Mall, 21/A, New Link Rd",19.1732589,72.8362121,https://www.google.com/maps/search/?api=1&query=Barbeque%20Nation%20-%20Malad&query_place_id=ChIJAx1b8O235zsRaTFzQ2Al-Dk,True
Barbeque Nation - Mumbai - Virar,4.2,5892,"Mumbai, Vasai-Virar",Maharashtra,IN,401303,+91 80 6405 8002,"3rd Floor, Yashwant Square Building, By Pass Road, above Big Bazaar Village Dongre",19.4650436,72.8051278,https://www.google.com/maps/search/?api=1&query=Barbeque%20Nation%20-%20Mumbai%20-%20Virar&query_place_id=ChIJ0wtNa4qp5zsRNpiQVHESCrA,True
Barbeque Nation,2.3,6,Mumbai,Maharashtra,IN,400093,+91 80 6902 8721,"Unit No 1 &2, Ground Floor, C Wing Naka Metro Station, Time Square, Sakinaka, near Marol",19.117753,72.8737017,https://www.google.com/maps/search/?api=1&query=Barbeque%20Nation&query_place_id=ChIJ____Pz3I5zsR71RaNnRLXEQ,True
"Barbeque Nation- Vile Parle East, Mumbai",4.4,951,Mumbai,Maharashtra,IN,400057,+91 80 6405 8002,"2nd Floor, Trinity Square, Shyam Kamal Rd",19.1002164,72.845686,https://www.google.com/maps/search/?api=1&query=Barbeque%20Nation-%20Vile%20Parle%20East%2C%20Mumbai&query_place_id=ChIJVzxsgFvJ5zsRFgkHhiyafrw,True
Barbeque Nation - Mohali - Sector 59,4.5,7304,Sahibzada Ajit Singh Nagar,Punjab,IN,160059,+91 80 6902 8715,"SC0 5&6, Mohali Stadium Rd",30.7162447,76.7160594,https://www.google.com/maps/search/?api=1&query=Barbeque%20Nation%20-%20Mohali%20-%20Sector%2059&query_place_id=ChIJU_7sJmfuDzkRYyNCOTDuwQ4,True
Barbeque Nation - Mall Of Dehradun,4.9,2320,"Mohkam Pur Khurd, Dehradun",Uttarakhand,IN,248005,+91 80 6902 8714,"3rd Floor, Mall Of Dehradun, Rishikesh Road",30.266685,78.082382,https://www.google.com/maps/search/?api=1&query=Barbeque%20Nation%20-%20Mall%20Of%20Dehradun&query_place_id=ChIJb0SxqVcpCTkR2iD1mOyjMTU,True
"Barbeque Nation - Nirwana Square One, Kharar",4.4,694,"Khanpur, Kharar",Punjab,IN,140301,+91 80 6902 8715,"SCO 1-4,First Floor, Nirwana Square One, Block- A , Kharar - Kurali Road, 3",30.7659458,76.6269732,https://www.google.com/maps/search/?api=1&query=Barbeque%20Nation%20-%20Nirwana%20Square%20One%2C%20Kharar&query_place_id=ChIJpz9OUon7DzkRDoEZkVInXb4,True
Barbeque Nation - Vellore,4.1,5061,Vellore,Tamil Nadu,IN,632001,+91 80 6902 8748,"1st Floor, Door No 16/1, Officers Line, Anna Salai, next to Reliance Trends",12.908926,79.131692,https://www.google.com/maps/search/?api=1&query=Barbeque%20Nation%20-%20Vellore&query_place_id=ChIJfTOuhN04rTsRFHGJOnBGXQA,True
Barbeque Nation,4.3,4424,Tirupati,Andhra Pradesh,IN,517501,+91 80 6902 8741,"4th floor, Dr. Agarwals Eye Hospital, 19-4-8/14, Air Bypass Rd, near Passport office",13.622596,79.4289512,https://www.google.com/maps/search/?api=1&query=Barbeque%20Nation&query_place_id=ChIJ6zqdhfVLTToRYLCuyAuAWzw,True
Barbeque Nation - Lulu Global Mall,4.2,1168,Bengaluru,Karnataka,IN,560023,+91 80 6405 8001,"Lower Ground Floor, Lulu Global Mall, No 19/2, Unit No LGF 02, 03 & 04",12.9817961,77.5632012,https://www.google.com/maps/search/?api=1&query=Barbeque%20Nation%20-%20Lulu%20Global%20Mall&query_place_id=ChIJ3QGUJHIXrjsRNesn2_KGLzc,True
"Barbeque Nation - Garuda Mall, Magrath Road",1.0,1,Bengaluru,Karnataka,IN,560025,+91 80 6405 8001,"4th floor, 56, Garuda mall, Commissariat Rd",12.9701033,77.6099344,https://www.google.com/maps/search/?api=1&query=Barbeque%20Nation%20-%20Garuda%20Mall%2C%20Magrath%20Road&query_place_id=ChIJZ6irvSYVrjsRxp5IyfGEhvY,True
Barbeque Nation - Kanakpura Road,4.3,2794,Bengaluru,Karnataka,IN,560062,+91 80 6405 8001,"3rd floor, #5 & 6, Doddakallasandra Village, Kanakapura Main Rd",12.8829812,77.548764,https://www.google.com/maps/search/?api=1&query=Barbeque%20Nation%20-%20Kanakpura%20Road&query_place_id=ChIJu-CoRKs_rjsRE-6uOfXfcOI,True
Barbeque Nation- Nungambakkam,4.0,5211,"Chennai, Greater Chennai",Tamil Nadu,IN,600006,+91 80 6902 8724,"No 5 & 3, 2nd Floor, Bergamo Mall, Khader Nawaz Khan Rd",13.0607369,80.2511891,https://www.google.com/maps/search/?api=1&query=Barbeque%20Nation-%20Nungambakkam&query_place_id=ChIJW_BsWmpmUjoRC9cGfUyljmU,True
Barbeque Nation- Whitefield,4.2,10713,Bengaluru,Karnataka,IN,560066,+91 80 6405 8001,"1F, 01, Whitefield Main Rd",12.9871338,77.7368844,https://www.google.com/maps/search/?api=1&query=Barbeque%20Nation-%20Whitefield&query_place_id=ChIJB5Jt4-QRrjsRA8qETMLQX0Q,True
UBQ By Barbeque Nation,2.7,147,Bengaluru,Karnataka,IN,560068,N/A,"1, 8th Main Rd",12.9087433,77.6285479,https://www.google.com/maps/search/?api=1&query=UBQ%20By%20Barbeque%20Nation&query_place_id=ChIJh3NlKuUVrjsRKDVJGhSz9U4,True
Barbeque Nation - Kochi,4.3,8205,Ernakulam,Kerala,IN,682035,+91 80 6902 8706,"6th Floor Imperiaal Trade Center, Mahatma Gandhi Rd",9.9828617,76.2820456,https://www.google.com/maps/search/?api=1&query=Barbeque%20Nation%20-%20Kochi&query_place_id=ChIJneH9IVANCDsRNJFSaCMFduA,True
Barbeque Nation - Vadodara - Cine Mall,4.4,10983,Vadodara,Gujarat,IN,390007,+91 80 6902 8721,"3rd Floor Cinemall, Near Natubhai Circle, Race Course Rd",22.3107851,73.1587929,https://www.google.com/maps/search/?api=1&query=Barbeque%20Nation%20-%20Vadodara%20-%20Cine%20Mall&query_place_id=ChIJKUhqf73IXzkRox7AgorhYFI,True
Barbeque Nation - Rajkot - Crystal Mall,4.5,2565,Rajkot,Gujarat,IN,360005,+91 80 6902 8773,"Crystal Mall Rajkot, 3rd Floor, Kalavad Rd",22.2798171,70.7630298,https://www.google.com/maps/search/?api=1&query=Barbeque%20Nation%20-%20Rajkot%20-%20Crystal%20Mall&query_place_id=ChIJOcFNQMvLWTkRKPPyxpEms6s,True
Barbeque Nation - Ahmedabad - Nikol,4.5,604,Ahmedabad,Gujarat,IN,380049,+91 80 6902 8770,"First Floor, Hill town plaza, Shop No, 109, 110, 111, 112, 113, 114, Sardar Patel Ring Rd",23.0383545,72.6773549,https://www.google.com/maps/search/?api=1&query=Barbeque%20Nation%20-%20Ahmedabad%20-%20Nikol&query_place_id=ChIJAysBFhKHXjkRIEQhSgKId1Y,True
Barbeque Nation - Ahmedabad - Satya One,4.3,3901,Ahmedabad,Gujarat,IN,380052,+91 80 6902 8721,"SATYA ONE, 1st Floor, Drive In Rd, opp. Manav Mandir",23.0455766,72.5403016,https://www.google.com/maps/search/?api=1&query=Barbeque%20Nation%20-%20Ahmedabad%20-%20Satya%20One&query_place_id=ChIJ-41T_X2FXjkRNdpI9fEp-XY,True
Barbeque Nation - Visakhapatnam - Madhuruwada,4.3,1313,Madhuravada,Andhra Pradesh,IN,530041,+91 80 6902 8744,"3rd Floor, Arena Building, 100 Feet Rd, adjacent to Mango Hero Showroom",17.8040631,83.3581364,https://www.google.com/maps/search/?api=1&query=Barbeque%20Nation%20-%20Visakhapatnam%20-%20Madhuruwada&query_place_id=ChIJPa7aabVbOToRRmNsMXq7Iw8,True
Barbeque Nation - Indore - Treasure Island Mall,4.3,2668,Indore,Madhya Pradesh,IN,452001,+91 80 6902 8754,"TI Mall, 3rd, 11, Mahatma Gandhi Rd",22.7213298,75.8785573,https://www.google.com/maps/search/?api=1&query=Barbeque%20Nation%20-%20Indore%20-%20Treasure%20Island%20Mall&query_place_id=ChIJk2FRchL9YjkRhSeLXrCucPQ,True
Barbeque Nation - Ferozpur Road - Ludhiana,4.4,5896,Ludhiana,Punjab,IN,141001,+91 80 6902 8755,"2nd Floor, Dhanraj Sing Complex Gate No. 1 Ferozpur Road, Gate Number 1 Rd, near Punjab Agricultural University",30.8961971,75.8136465,https://www.google.com/maps/search/?api=1&query=Barbeque%20Nation%20-%20Ferozpur%20Road%20-%20Ludhiana&query_place_id=ChIJWZ2DztCDGjkRo0p4e21mMng,True
Barbeque Nation - Ghaziabad-Eros Market Place,4.2,184,Ghaziabad,Uttar Pradesh,IN,201010,+91 80 6902 8734,"UNIT NO 01, UPPER GROUND FLOOR, EROS MARKET PLACE, PLOT NO 2, opposite DPS",28.6472511,77.3747358,https://www.google.com/maps/search/?api=1&query=Barbeque%20Nation%20-%20Ghaziabad-Eros%20Market%20Place&query_place_id=ChIJDaoM9HX7DDkRbPtMrefkhXM,True
Barbeque nation,3.5,4,Jalandhar,Punjab,IN,144001,N/A,8HGG+CF3,31.3260152,75.5761829,https://www.google.com/maps/search/?api=1&query=Barbeque%20nation&query_place_id=ChIJjVzccABbGjkRwC80G67TVDQ,True
Barbeque Nation - Bhopal - Virasha,4.3,4399,Bhopal,Madhya Pradesh,IN,462039,+91 80 6902 8753,"STC, 3rd Floor Virasha",23.1795432,77.4380286,https://www.google.com/maps/search/?api=1&query=Barbeque%20Nation%20-%20Bhopal%20-%20Virasha&query_place_id=ChIJCe7WfMxDfDkRKF98Ep1tIV8,True
Barbeque Nation - Ahluwalia's The Great mall - Kota,4.5,1817,Kota,Rajasthan,IN,324007,+91 80 6902 8759,"Alhuwalita the great Mall of Kota "" DMC, Road Unit no, S-5 S-6, S-7, S-8 2nd Floor",25.1620273,75.8632846,https://www.google.com/maps/search/?api=1&query=Barbeque%20Nation%20-%20Ahluwalia's%20The%20Great%20mall%20-%20Kota&query_place_id=ChIJRSvhUjKFbzkRayLnV_VNAJM,True
Barbeque Nation - Jagat Mall,4.4,1607,Jabalpur,Madhya Pradesh,IN,482001,+91 80 6902 8712,"3rd Floor, Jagat Mall, Gorakhpur Rd",23.1524184,79.9338365,https://www.google.com/maps/search/?api=1&query=Barbeque%20Nation%20-%20Jagat%20Mall&query_place_id=ChIJL3a2pDKtgTkRwhNxltcZ2_E,True
"Barbeque Nation - MGF Metropolitan Mall, Gurugram",4.6,71,"Gurugram, Sarhol",Haryana,IN,122009,+91 92173 46776,"GROUND FLOOR, MGF Metropolitan Mall, Shop No GF FC 06, 07, 07A, 08, 09 & 10, Mehrauli-Gurgaon Rd",28.4809085,77.0802798,https://www.google.com/maps/search/?api=1&query=Barbeque%20Nation%20-%20MGF%20Metropolitan%20Mall%2C%20Gurugram&query_place_id=ChIJKwdDJ_0ZDTkRRtlCVfGvokE,True
"Barbeque Nation – Celest Mall ,Gajuwaka",4.2,52,"Visakhapatnam, Gajuwaka",Andhra Pradesh,IN,530026,+91 80 6902 8720,"S,no 104/2, unit no:FF:01@ FF:02, celest Mall,1st floor, NH5, opposite SBT Hotel",17.6835753,83.1993384,https://www.google.com/maps/search/?api=1&query=Barbeque%20Nation%20%E2%80%93%20Celest%20Mall%20%2CGajuwaka&query_place_id=ChIJL_Srm0gVPDoR1RdATqonQEE,True
Barbeque Nation - Kakinada - SRMT Mall,4.2,2441,Ramanayyapeta,Andhra Pradesh,IN,533005,+91 80 6902 8742,"Unit No. 2, 4th Floor Door No. 4-21,SRMT Mall & Multiplex, Pithapuram - Kakinada Rd",16.9981671,82.2433006,https://www.google.com/maps/search/?api=1&query=Barbeque%20Nation%20-%20Kakinada%20-%20SRMT%20Mall&query_place_id=ChIJw4uuTdkpODoRnr7HvUAszUk,True
Ubq By Barbeque Nation,3.1,31,Vijayawada,Andhra Pradesh,IN,520010,+91 80 6902 8721,"3, MG Rd",16.4982576,80.6519718,https://www.google.com/maps/search/?api=1&query=Ubq%20By%20Barbeque%20Nation&query_place_id=ChIJkYNrPK_6NToRMV1L2bS2RSk,True
Barbeque Nation Pimpri,4.3,5290,"Pune, Pimpri-Chinchwad",Maharashtra,IN,411018,+91 80 6902 8725,"City One Mall, Above Central Mall, 2nd Floor Survey No-31/32, CS No- 5860",18.6328282,73.8008776,https://www.google.com/maps/search/?api=1&query=Barbeque%20Nation%20Pimpri&query_place_id=ChIJ79Idnk64wjsRh4zVvsmuexU,True
Barbeque Nation,4.4,5076,Kanpur,Uttar Pradesh,IN,208001,+91 80 6902 8708,"16 113, Mahatma Gandhi Rd",26.4731829,80.3521156,https://www.google.com/maps/search/?api=1&query=Barbeque%20Nation&query_place_id=ChIJWUPXT6Y4nDkRJnXavNedSas,True
UBQ By Barbeque Nation Janakpuri,3.2,46,"New Delhi, Delhi",Delhi,IN,110058,+91 80 6902 8719,"Shop No B32/1, Community Center b",28.6288696,77.0912057,https://www.google.com/maps/search/?api=1&query=UBQ%20By%20Barbeque%20Nation%20Janakpuri&query_place_id=ChIJN55Su3gFDTkRNXPHLo6NT0I,True
Barbeque Nation - Garia,4.5,429,Kolkata,West Bengal,IN,700084,+91 80 6902 8723,"3rd Floor, Rashmin building, 92, Raja Subodh Chandra Mallick Rd, near Padmashree cinema hall",22.4724041,88.3761508,https://www.google.com/maps/search/?api=1&query=Barbeque%20Nation%20-%20Garia&query_place_id=ChIJJ2suDYNxAjoRhQOuoXXwYA0,True
Fiesta By Barbeque Nation - Hatibagan,4.0,187,Kolkata,West Bengal,IN,700006,+91 80 6902 6709,"3rd Floor, Ideal Unique Residency, 162, Grey St",22.5940768,88.3742531,https://www.google.com/maps/search/?api=1&query=Fiesta%20By%20Barbeque%20Nation%20-%20Hatibagan&query_place_id=ChIJd4-BBwB3AjoRMRWypXMlVG4,True
Barbeque Nation,4.3,65,Mumbai,Maharashtra,IN,400052,N/A,"403, Ground Floor, Om Palace, BR, Dr Ambedkar Rd",19.0698859,72.8297052,https://www.google.com/maps/search/?api=1&query=Barbeque%20Nation&query_place_id=ChIJmY0FgRLJ5zsRovoqKkRwxv8,True
"Barbeque Nation - RR Nagar, Global Divinity Mall",3.9,228,Bengaluru,Karnataka,IN,560039,+91 80 6902 8722,"GLOBAL MALLS, 3RD FLOOR, MYSORE ROAD, PANTHARAPALYA, MYSORE ROAD, NAYANDA HALLI, KENGERI, B.B, HOBLI",12.9404462,77.5250793,https://www.google.com/maps/search/?api=1&query=Barbeque%20Nation%20-%20RR%20Nagar%2C%20Global%20Divinity%20Mall&query_place_id=ChIJazQIZ7mtrzsR6P6rvcYS69U,True
"Barbeque Nation - Brigade Twin Towers, Yeshwantpur",4.3,302,Bengaluru,Karnataka,IN,560022,+91 80 6405 8001,"Unit no-106 Kisok-02, 1st floor, Brigade twin tower",13.0304817,77.5421513,https://www.google.com/maps/search/?api=1&query=Barbeque%20Nation%20-%20Brigade%20Twin%20Towers%2C%20Yeshwantpur&query_place_id=ChIJGXNqPCg9rjsRhinoy6hXEjs,True
Barbeque Nation - Bandra,4.2,6113,Mumbai,Maharashtra,IN,400050,+91 80 6902 8718,"Ground Floor, 355, Hotel Metro Palace, Hill Rd, opposite Marks and Spencer",19.0562156,72.8343287,https://www.google.com/maps/search/?api=1&query=Barbeque%20Nation%20-%20Bandra&query_place_id=ChIJmaVf3D3J5zsRunDxXYOoqnM,True
"Barbeque Nation - Hoskote, Orion Uptown",3.9,243,"Katamnallur, Bengaluru",Karnataka,IN,560049,+91 80 6405 8001,"2nd Floor, Old Madras Rd",13.0549312,77.7636194,https://www.google.com/maps/search/?api=1&query=Barbeque%20Nation%20-%20Hoskote%2C%20Orion%20Uptown&query_place_id=ChIJkxInrowRrjsRaeM3U2kuVvQ,True
Barbeque Nation - Mumbai - Kandivali,4.2,2665,Mumbai,Maharashtra,IN,400101,+91 80 6902 8718,"Unit No. T01, 3rd Floor, Growels mall, Akurli Rd",19.2030881,72.8597809,https://www.google.com/maps/search/?api=1&query=Barbeque%20Nation%20-%20Mumbai%20-%20Kandivali&query_place_id=ChIJHVLf-MC35zsRx0hkXGv9myg,True
Barbeque Nation- Marina Mall,4.2,1138,"Egattur, Chennai",Tamil Nadu,IN,600130,+91 80 6902 8724,"3rd floor, Marina Mall, 13/1A, Old Mahabalipuram Road",12.835785,80.2294733,https://www.google.com/maps/search/?api=1&query=Barbeque%20Nation-%20Marina%20Mall&query_place_id=ChIJ_7BHmcZbUjoReu86baMPVFE,True
Barbeque Nation,3.5,286,"Chennai, Greater Chennai",Tamil Nadu,IN,600030,+91 80 6902 8724,"3rd Floor, Barbeque, Nation Hospitality Ltd., Ampa, Skywalk Mall, 1, Nelson Manickam Rd",13.0737602,80.2212017,https://www.google.com/maps/search/?api=1&query=Barbeque%20Nation&query_place_id=ChIJESO6zRlnUjoR117pG2zoihA,True
Barbeque Nation- Nexus Whitefield Mall,4.1,3220,Bengaluru,Karnataka,IN,560066,+91 80 6405 8001,"Nexus Whitefield 62, Whitefield Main Rd",12.9599447,77.7480001,https://www.google.com/maps/search/?api=1&query=Barbeque%20Nation-%20Nexus%20Whitefield%20Mall&query_place_id=ChIJTduybEsTrjsRI7bscLUZx5o,True
"Barbeque Nation - M5 Mall, Electronic City Phase 2",3.9,300,Hebbagodi,Karnataka,IN,560100,+91 80 6405 8001,"Second floor, M5 Ecity Mall, Hosur Rd",12.8416335,77.6766628,https://www.google.com/maps/search/?api=1&query=Barbeque%20Nation%20-%20M5%20Mall%2C%20Electronic%20City%20Phase%202&query_place_id=ChIJd3hIDSttrjsRzlYK59IhpnU,True
Fiesta by Barbeque Nation - Vega City,3.7,637,Bengaluru,Karnataka,IN,560076,+91 80 6902 6727,"4th Floor, WJ52+3FJ Vega City Mall Road, Bannerghatta Rd",12.9076875,77.6011875,https://www.google.com/maps/search/?api=1&query=Fiesta%20by%20Barbeque%20Nation%20-%20Vega%20City&query_place_id=ChIJqYVH2s4VrjsRwnVWd8GHd9E,True
Barbeque Nation New Staff Room,3.7,19,Ahmedabad,Gujarat,IN,380052,+91 80 6902 8721,A17-18,23.0500871,72.546427,https://www.google.com/maps/search/?api=1&query=Barbeque%20Nation%20New%20Staff%20Room&query_place_id=ChIJr74LtMyFXjkRbBEEXy1E6Rc,True
Barbeque Nation - Mumbai - Vashi,4.2,1471,Navi Mumbai,Maharashtra,IN,400703,+91 80 3520 2222,"4th Floor, Center One Mall",19.0673743,72.9988503,https://www.google.com/maps/search/?api=1&query=Barbeque%20Nation%20-%20Mumbai%20-%20Vashi&query_place_id=ChIJKRkgF-PB5zsRu_oFKCqZFbY,True
Barbeque Nation,4.2,5336,Navi Mumbai,Maharashtra,IN,400710,+91 80 6902 8721,429H+828,19.1182937,73.0275875,https://www.google.com/maps/search/?api=1&query=Barbeque%20Nation&query_place_id=ChIJjWf0GXPB5zsRDkFUhRnqdP8,True
Barbeque Nation - Mumbai - Mulund (W),4.3,4323,Mumbai,Maharashtra,IN,400604,+91 80 6902 8718,"3rd Floor, R Mall, Lal Bahadur Shastri Marg, opposite to Richardson and Cruddas",19.183891,72.9515224,https://www.google.com/maps/search/?api=1&query=Barbeque%20Nation%20-%20Mumbai%20-%20Mulund%20(W)&query_place_id=ChIJgxWxAf645zsRpMmbCZU61qs,True
Barbeque Nation - Jaipur - MI Road,4.4,5509,Jaipur,Rajasthan,IN,302001,+91 80 6902 8704,"1ST Floor E-2 Khandelwal Mansion, Mirza Ismail Rd",26.9165424,75.8098361,https://www.google.com/maps/search/?api=1&query=Barbeque%20Nation%20-%20Jaipur%20-%20MI%20Road&query_place_id=ChIJw9P4TKq2bTkRrtC3feA0SrE,True
Barbeque Nation,4.3,2177,Gajuwaka,Andhra Pradesh,IN,530026,+91 80 6902 8734,"10-7-110/1, 3rd floor SBT Khadar Basha Towers, Main Rd",17.6853036,83.2102263,https://www.google.com/maps/search/?api=1&query=Barbeque%20Nation&query_place_id=ChIJr0YrFWBpOToRmz9gli0EIFM,True
Barbeque Nation - Gorakhpur - City Mall,4.4,3549,Gorakhpur,Uttar Pradesh,IN,273001,+91 80 6902 8712,"3rd Floor, No, City Mall, 10, Akshaibar Singh Marg",26.7533656,83.3751258,https://www.google.com/maps/search/?api=1&query=Barbeque%20Nation%20-%20Gorakhpur%20-%20City%20Mall&query_place_id=ChIJ3zECbkpFkTkRk2FpM_UA9XU,True
Barbeque Nation - Madurai - Milan'em Mall,4.2,4203,"Kk Nagar, Madurai",Tamil Nadu,IN,625020,+91 80 6902 8763,"3rd Floor, Milan'em Mall, 100 Feet Rd",9.927716,78.143211,https://www.google.com/maps/search/?api=1&query=Barbeque%20Nation%20-%20Madurai%20-%20Milan'em%20Mall&query_place_id=ChIJR_LjW7rFADsREtuUIiS18qA,True
Barbeque Nation - Ludhiana Mall Road,4.0,295,Ludhiana,Punjab,IN,141001,+91 80 6902 8755,"Plot Number 105, 3rd Floor Boulevard Mall, The Mall Rd",30.9069048,75.8399749,https://www.google.com/maps/search/?api=1&query=Barbeque%20Nation%20-%20Ludhiana%20Mall%20Road&query_place_id=ChIJh-k7JO6DGjkRzM3ircXH8-M,True
Barbeque Nation - Fiza Mall,3.2,131,Mangaluru,Karnataka,IN,575001,+91 80 6902 8761,"3RD FLOOR, FIZA NEXUS MALL, ATTAVAR VILLAGE, CANTONMENT WARD, PANDESHWAR ROAD, MANGALORE, Mangalore Mahanagara Palike",12.8557976,74.8398812,https://www.google.com/maps/search/?api=1&query=Barbeque%20Nation%20-%20Fiza%20Mall&query_place_id=ChIJcYQShZ5bozsRELHokjvqTOg,True
Barbeque Nation,4.2,110,Dhanbad,Jharkhand,IN,826007,N/A,"RF64+R46, NH 18",23.8120753,86.4551235,https://www.google.com/maps/search/?api=1&query=Barbeque%20Nation&query_place_id=ChIJRTsTTwC99jkRDwCc_LCYPTc,True
Barbeque Nation,4.3,6310,Faridabad,Haryana,IN,121003,+91 80 6902 8734,"2nd Floor, Crown Interiorz Mall DLF Ind Area, Sarai Khawaja Rd",28.4698676,77.3072264,https://www.google.com/maps/search/?api=1&query=Barbeque%20Nation&query_place_id=ChIJ0UU9Az3nDDkRbYmOXuOlGW4,True
"Barbeque Nation - Faridabad, Pacific mall",4.0,268,"Faridabad, Sector 20B",Haryana,IN,121007,+91 80 6902 8734,"2nd Floor, Pacific Mall, Mathura Rd",28.3874588,77.3118312,https://www.google.com/maps/search/?api=1&query=Barbeque%20Nation%20-%20Faridabad%2C%20Pacific%20mall&query_place_id=ChIJObtWf5bdDDkRO_nccjDZETY,True
Barbeque Nation - Faridabad- Mansha Vega Street,3.7,146,Faridabad,Haryana,IN,121002,+91 80 6902 8734,"2ND FLOOR, MANSHA VEGA STREET, SCO-01",28.3885414,77.3546085,https://www.google.com/maps/search/?api=1&query=Barbeque%20Nation%20-%20Faridabad-%20Mansha%20Vega%20Street&query_place_id=ChIJC9K6NZvdDDkRG_Kjs57eYXY,True
Barbeque Nation,4.3,2323,Faridabad,Haryana,IN,121002,+91 80 6902 8734,"2nd Floor, Eros Ef3 Mall, Metro Station, opposite Old",28.4075009,77.3103016,https://www.google.com/maps/search/?api=1&query=Barbeque%20Nation&query_place_id=ChIJN61X5bXdDDkRZFVLewrH-xU,True
Barbeque Nation,4.4,3162,Amritsar,Punjab,IN,143001,+91 80 6902 8702,"SGK Tower, Plot no. 77, Mall Rd, near Income Tax Office",31.642799,74.8659942,https://www.google.com/maps/search/?api=1&query=Barbeque%20Nation&query_place_id=ChIJ33DzZqRkGTkR3yca6-fGD5s,True
Barbeque Nation - Mysuru - BM Habitat Mall,4.3,5113,Mysuru,Karnataka,IN,570012,+91 80 6902 8721,"GROUND FLOOR, BM Habitat Mall, Mangalore - Mysore Hwy",12.3213811,76.6207831,https://www.google.com/maps/search/?api=1&query=Barbeque%20Nation%20-%20Mysuru%20-%20BM%20Habitat%20Mall&query_place_id=ChIJrQbM-5J6rzsRtaMQjALd5MI,True
Barbeque Nation,4.3,0,Tiruppur,Tamil Nadu,IN,641604,N/A,"39Q7+4C2, opposite to Vimal Pumps",11.08786,77.363437,https://www.google.com/maps/search/?api=1&query=Barbeque%20Nation&query_place_id=ChIJT2RiFgAHqTsRvRbPywuxpSw,True
Barbeque Nation - Bareilly - Civil Lines,4.4,4074,Bareilly,Uttar Pradesh,IN,243001,+91 80 6902 8713,"3rd Floor, No 35, Civil Lines, 1/3, NH-24, above Tanishq Showroon",28.3482326,79.4236006,https://www.google.com/maps/search/?api=1&query=Barbeque%20Nation%20-%20Bareilly%20-%20Civil%20Lines&query_place_id=ChIJJ4D6dtYAoDkRVtGcNrHTda8,True
Barbeque Nation,4.3,5535,"New Delhi, Delhi",Delhi,IN,110034,+91 80 6902 8719,"No 101 & 102, Aggarwal Corporate Heights, Plot No A7",28.6923664,77.151707,https://www.google.com/maps/search/?api=1&query=Barbeque%20Nation&query_place_id=ChIJKwNrXTMCDTkRcAuJJrEup1I,True
Barbeque Nation - Cuttack - Dargha Bazaar,4.4,948,Cuttack,Odisha,IN,753001,+91 80 6902 8731,"Upper Ground Floor, Netaji Subhas Chandra Bose Arcade – Old Jail complex",20.4679064,85.8689684,https://www.google.com/maps/search/?api=1&query=Barbeque%20Nation%20-%20Cuttack%20-%20Dargha%20Bazaar&query_place_id=ChIJa-lduugNGToRlKlwpr1UfDQ,True
Barbeque Nation - Panipat - Mitall's Mega Mall,4.1,324,Panipat,Haryana,IN,132104,+91 80 3520 2222,Shop No. S-12A to S-17A 2nd Floor Mittal's Mega Mall,29.3762025,76.9836135,https://www.google.com/maps/search/?api=1&query=Barbeque%20Nation%20-%20Panipat%20-%20Mitall's%20Mega%20Mall&query_place_id=ChIJfTxTH4bbDTkRnXk7-npXnJU,True
Barbeque Nation,3.8,5,Gurugram,Haryana,IN,122101,+91 92892 35111,M3M IFC,28.405053,77.058054,https://www.google.com/maps/search/?api=1&query=Barbeque%20Nation&query_place_id=ChIJGSKlXAAjDTkRqU9TtSBerVQ,True
Barbeque Nation,4.3,2694,Patna,Bihar,IN,800014,+91 80 6902 8730,"Shiv Mandir, 5th Floor, Durga Infinity, Khajpura, Baily Road, Pilar No-27, beside Khajpura",25.6050918,85.0785974,https://www.google.com/maps/search/?api=1&query=Barbeque%20Nation&query_place_id=ChIJLQTnRyBX7TkRWhH8AdH99k8,True
Barbeque Nation,3.8,1046,Bengaluru,Karnataka,IN,560095,+91 80 6902 8722,"1st floor, 118, 80 Feet Rd, below Bodyworks Spa",12.9355492,77.6141518,https://www.google.com/maps/search/?api=1&query=Barbeque%20Nation&query_place_id=ChIJF4wVjt8VrjsRvHPiqvRz8OU,True
Barbeque Nation,5.0,1,Udaipur,Rajasthan,IN,313004,+91 80 6902 8721,"3rd Floor, The Celebration Mall, NH-8",24.5913427,73.6940877,https://www.google.com/maps/search/?api=1&query=Barbeque%20Nation&query_place_id=ChIJAQAAkHPlZzkRgHSi40zysrk,True
