topLevelReelUrl,shareable_url,text,time,playCountRounded,play_count_reduced,track_title,inputUrl,processed_at
https://facebook.com/reel/2108900206501576/,https://www.facebook.com/reel/2108900206501576,,2026-07-28T15:06:14.000Z,2400,2.4K,Barbeque Nation · Original audio,https://www.facebook.com/BarbequeNation/reels/,30-07-2026 07:08
https://facebook.com/reel/2066440730615720/,https://www.facebook.com/reel/2066440730615720,,2026-07-27T15:20:05.000Z,2500,2.5K,Barbeque Nation · Original audio,https://www.facebook.com/BarbequeNation/reels/,30-07-2026 07:08
https://facebook.com/reel/1030543656188005/,https://www.facebook.com/reel/1030543656188005,,2026-07-26T16:50:06.000Z,2500,2.5K,Barbeque Nation · Original audio,https://www.facebook.com/BarbequeNation/reels/,30-07-2026 07:08
https://facebook.com/reel/4454837761395138/,https://www.facebook.com/reel/4454837761395138,,2026-07-25T06:06:49.000Z,9000,9K,Barbeque Nation · Original audio,https://www.facebook.com/BarbequeNation/reels/,30-07-2026 07:08
https://facebook.com/reel/28059450017012695/,https://www.facebook.com/reel/28059450017012695,,2026-07-21T15:47:55.000Z,5800,5.8K,Barbeque Nation · Original audio,https://www.facebook.com/BarbequeNation/reels/,30-07-2026 07:08
https://facebook.com/reel/1231900719004553/,https://www.facebook.com/reel/1231900719004553,,2026-07-21T15:04:51.000Z,5600,5.6K,Barbeque Nation · Original audio,https://www.facebook.com/BarbequeNation/reels/,30-07-2026 07:08
https://facebook.com/reel/1397649355574800/,https://www.facebook.com/reel/1397649355574800,,2026-07-21T15:01:47.000Z,3700,3.7K,Barbeque Nation · Original audio,https://www.facebook.com/BarbequeNation/reels/,30-07-2026 07:08
https://facebook.com/reel/1020343787588670/,https://www.facebook.com/reel/1020343787588670,,2026-07-21T14:57:54.000Z,3600,3.6K,Barbeque Nation · Original audio,https://www.facebook.com/BarbequeNation/reels/,30-07-2026 07:08
https://facebook.com/reel/4451999835073806/,https://www.facebook.com/reel/4451999835073806,,2026-07-21T08:30:43.000Z,3000,3K,Barbeque Nation · Original audio,https://www.facebook.com/BarbequeNation/reels/,30-07-2026 07:08
https://facebook.com/reel/1079954414695983/,https://www.facebook.com/reel/1079954414695983,,2026-07-20T07:02:44.000Z,3800,3.8K,Barbeque Nation · Original audio,https://www.facebook.com/BarbequeNation/reels/,30-07-2026 07:08
https://facebook.com/reel/1343898851212659/,https://www.facebook.com/reel/1343898851212659,,2026-07-20T06:32:43.000Z,3600,3.6K,Barbeque Nation · Original audio,https://www.facebook.com/BarbequeNation/reels/,30-07-2026 07:08
https://facebook.com/reel/1396348229022063/,https://www.facebook.com/reel/1396348229022063,,2026-07-20T05:25:19.000Z,2500,2.5K,Barbeque Nation · Original audio,https://www.facebook.com/BarbequeNation/reels/,30-07-2026 07:08
https://facebook.com/reel/2334691173966850/,https://www.facebook.com/reel/2334691173966850,,2026-07-18T14:08:28.000Z,3200,3.2K,Barbeque Nation · Original audio,https://www.facebook.com/BarbequeNation/reels/,30-07-2026 07:08
https://facebook.com/reel/1645787206486536/,https://www.facebook.com/reel/1645787206486536,,2026-07-18T09:58:14.000Z,4800,4.8K,Barbeque Nation · Original audio,https://www.facebook.com/BarbequeNation/reels/,30-07-2026 07:08
https://facebook.com/reel/1697080131527383/,https://www.facebook.com/reel/1697080131527383,,2026-07-17T13:03:52.000Z,3500,3.5K,Barbeque Nation · Original audio,https://www.facebook.com/BarbequeNation/reels/,30-07-2026 07:08
https://facebook.com/reel/2419999911827763/,https://www.facebook.com/reel/2419999911827763,,2026-07-17T09:53:43.000Z,3400,3.4K,Barbeque Nation · Original audio,https://www.facebook.com/BarbequeNation/reels/,30-07-2026 07:08
https://facebook.com/reel/1586192019687501/,https://www.facebook.com/reel/1586192019687501,,2026-07-14T14:40:07.000Z,4800,4.8K,Barbeque Nation · Original audio,https://www.facebook.com/BarbequeNation/reels/,30-07-2026 07:08
https://facebook.com/reel/913646545108873/,https://www.facebook.com/reel/913646545108873,,2026-07-14T14:34:28.000Z,4400,4.4K,Barbeque Nation · Original audio,https://www.facebook.com/BarbequeNation/reels/,30-07-2026 07:08
https://facebook.com/reel/1847094816273048/,https://www.facebook.com/reel/1847094816273048,,2026-07-13T16:30:30.000Z,3700,3.7K,Barbeque Nation · Original audio,https://www.facebook.com/BarbequeNation/reels/,30-07-2026 07:08
https://facebook.com/reel/1071204995255179/,https://www.facebook.com/reel/1071204995255179,,2026-07-12T13:57:54.000Z,8600,8.6K,Barbeque Nation · Original audio,https://www.facebook.com/BarbequeNation/reels/,30-07-2026 07:08
https://facebook.com/reel/2091770471773022/,https://www.facebook.com/reel/2091770471773022,,2026-07-03T15:01:17.000Z,14000,14K,Barbeque Nation · Original audio,https://www.facebook.com/BarbequeNation/reels/,30-07-2026 07:08
https://facebook.com/reel/1258052506245727/,https://www.facebook.com/reel/1258052506245727,,2026-07-02T13:49:15.000Z,8700,8.7K,Barbeque Nation · Original audio,https://www.facebook.com/BarbequeNation/reels/,30-07-2026 07:08
https://facebook.com/reel/999858052953481/,https://www.facebook.com/reel/999858052953481,,2026-07-02T13:47:54.000Z,5500,5.5K,Barbeque Nation · Original audio,https://www.facebook.com/BarbequeNation/reels/,30-07-2026 07:08
https://facebook.com/reel/889030943632594/,https://www.facebook.com/reel/889030943632594,,2026-07-02T13:46:53.000Z,4900,4.9K,Barbeque Nation · Original audio,https://www.facebook.com/BarbequeNation/reels/,30-07-2026 07:08
https://facebook.com/reel/1755832098764593/,https://www.facebook.com/reel/1755832098764593,,2026-07-02T13:36:29.000Z,3000,3K,Barbeque Nation · Original audio,https://www.facebook.com/BarbequeNation/reels/,30-07-2026 07:08
https://facebook.com/reel/4531784877146690/,https://www.facebook.com/reel/4531784877146690,,2026-07-02T13:35:36.000Z,2400,2.4K,Barbeque Nation · Original audio,https://www.facebook.com/BarbequeNation/reels/,30-07-2026 07:08
https://facebook.com/reel/832905553089909/,https://www.facebook.com/reel/832905553089909,,2026-07-02T13:34:48.000Z,2500,2.5K,Barbeque Nation · Original audio,https://www.facebook.com/BarbequeNation/reels/,30-07-2026 07:08
https://facebook.com/reel/1195901839330013/,https://www.facebook.com/reel/1195901839330013,,2026-06-29T16:58:09.000Z,10000,10K,Barbeque Nation · Original audio,https://www.facebook.com/BarbequeNation/reels/,30-07-2026 07:08
https://facebook.com/reel/1045941261104600/,https://www.facebook.com/reel/1045941261104600,,2026-06-29T15:31:09.000Z,3100,3.1K,Barbeque Nation · Original audio,https://www.facebook.com/BarbequeNation/reels/,30-07-2026 07:08
https://facebook.com/reel/1031388722813974/,https://www.facebook.com/reel/1031388722813974,,2026-06-28T09:42:54.000Z,5700,5.7K,Barbeque Nation · Original audio,https://www.facebook.com/BarbequeNation/reels/,30-07-2026 07:08
https://facebook.com/reel/1747544223091999/,https://www.facebook.com/reel/1747544223091999,,2026-06-27T16:03:18.000Z,9100,9.1K,Barbeque Nation · Original audio,https://www.facebook.com/BarbequeNation/reels/,30-07-2026 07:08
https://facebook.com/reel/2783938095299265/,https://www.facebook.com/reel/2783938095299265,,2026-06-27T13:56:48.000Z,5600,5.6K,Barbeque Nation · Original audio,https://www.facebook.com/BarbequeNation/reels/,30-07-2026 07:08
https://facebook.com/reel/4479201049034444/,https://www.facebook.com/reel/4479201049034444,,2026-06-27T07:09:44.000Z,7200,7.2K,Barbeque Nation · Original audio,https://www.facebook.com/BarbequeNation/reels/,30-07-2026 07:08
https://facebook.com/reel/1029944916208723/,https://www.facebook.com/reel/1029944916208723,,2026-06-26T15:50:37.000Z,6000,6K,Barbeque Nation · Original audio,https://www.facebook.com/BarbequeNation/reels/,30-07-2026 07:08
https://facebook.com/reel/1384943806871962/,https://www.facebook.com/reel/1384943806871962,,2026-06-26T11:16:29.000Z,3800,3.8K,Barbeque Nation · Original audio,https://www.facebook.com/BarbequeNation/reels/,30-07-2026 07:08
https://facebook.com/reel/1554926822631319/,https://www.facebook.com/reel/1554926822631319,,2026-06-26T07:22:39.000Z,2800,2.8K,The_Mountain · Funky Lifestyle,https://www.facebook.com/BarbequeNation/reels/,30-07-2026 07:08
https://facebook.com/reel/1330084589080836/,https://www.facebook.com/reel/1330084589080836,,2026-06-25T08:48:14.000Z,4000,4K,Barbeque Nation · Original audio,https://www.facebook.com/BarbequeNation/reels/,30-07-2026 07:08
https://facebook.com/reel/1760135332006002/,https://www.facebook.com/reel/1760135332006002,,2026-06-24T12:58:36.000Z,2900,2.9K,Barbeque Nation · Original audio,https://www.facebook.com/BarbequeNation/reels/,30-07-2026 07:08
https://facebook.com/reel/1641854670232276/,https://www.facebook.com/reel/1641854670232276,,2026-06-23T12:35:19.000Z,2200,2.2K,Barbeque Nation · Original audio,https://www.facebook.com/BarbequeNation/reels/,30-07-2026 07:08
https://facebook.com/reel/926261663814230/,https://www.facebook.com/reel/926261663814230,,2026-06-22T06:02:35.000Z,7200,7.2K,Barbeque Nation · Original audio,https://www.facebook.com/BarbequeNation/reels/,30-07-2026 07:08
https://facebook.com/reel/871332749344250/,https://www.facebook.com/reel/871332749344250,,2026-06-21T10:35:11.000Z,2800,2.8K,Barbeque Nation · Original audio,https://www.facebook.com/BarbequeNation/reels/,30-07-2026 07:08
https://facebook.com/reel/1338648984906436/,https://www.facebook.com/reel/1338648984906436,,2026-06-20T14:33:22.000Z,5000,5K,,https://www.facebook.com/BarbequeNation/reels/,30-07-2026 07:08
https://facebook.com/reel/27718289207802243/,https://www.facebook.com/reel/27718289207802243,,2026-06-18T08:28:12.000Z,8500,8.5K,Barbeque Nation · Original audio,https://www.facebook.com/BarbequeNation/reels/,30-07-2026 07:08
https://facebook.com/reel/1660123288606024/,https://www.facebook.com/reel/1660123288606024,,2026-06-18T06:48:02.000Z,5700,5.7K,Barbeque Nation · Original audio,https://www.facebook.com/BarbequeNation/reels/,30-07-2026 07:08
https://facebook.com/reel/1375612207720903/,https://www.facebook.com/reel/1375612207720903,,2026-06-17T09:51:39.000Z,5500,5.5K,Barbeque Nation · Original audio,https://www.facebook.com/BarbequeNation/reels/,30-07-2026 07:08
https://facebook.com/reel/2104313080500038/,https://www.facebook.com/reel/2104313080500038,,2026-06-14T15:05:18.000Z,12000,12K,Barbeque Nation · Original audio,https://www.facebook.com/BarbequeNation/reels/,30-07-2026 07:08
https://facebook.com/reel/987202637644397/,https://www.facebook.com/reel/987202637644397,,2026-06-14T09:35:33.000Z,7500,7.5K,Barbeque Nation · Original audio,https://www.facebook.com/BarbequeNation/reels/,30-07-2026 07:08
https://facebook.com/reel/1664771507907564/,https://www.facebook.com/reel/1664771507907564,,2026-06-11T11:47:54.000Z,10000,10K,Barbeque Nation · Original audio,https://www.facebook.com/BarbequeNation/reels/,30-07-2026 07:08
https://facebook.com/reel/984298050848966/,https://www.facebook.com/reel/984298050848966,,2026-06-09T16:02:06.000Z,7200,7.2K,Barbeque Nation · Original audio,https://www.facebook.com/BarbequeNation/reels/,30-07-2026 07:08
https://facebook.com/reel/1044780471398285/,https://www.facebook.com/reel/1044780471398285,,2026-06-08T06:29:15.000Z,3800,3.8K,Barbeque Nation · Original audio,https://www.facebook.com/BarbequeNation/reels/,30-07-2026 07:08
https://facebook.com/reel/1026862416345815/,https://www.facebook.com/reel/1026862416345815,,2026-06-07T03:18:56.000Z,5400,5.4K,Barbeque Nation · Original audio,https://www.facebook.com/BarbequeNation/reels/,30-07-2026 07:08
https://facebook.com/reel/1696820421449830/,https://www.facebook.com/reel/1696820421449830,,2026-06-01T15:55:55.000Z,4400,4.4K,Barbeque Nation · Original audio,https://www.facebook.com/BarbequeNation/reels/,30-07-2026 07:08
https://facebook.com/reel/1036368328905031/,https://www.facebook.com/reel/1036368328905031,,2026-05-29T16:17:36.000Z,6700,6.7K,Barbeque Nation · Original audio,https://www.facebook.com/BarbequeNation/reels/,30-07-2026 07:08
https://facebook.com/reel/977446628223648/,https://www.facebook.com/reel/977446628223648,,2026-05-28T05:20:13.000Z,4900,4.9K,Barbeque Nation · Original audio,https://www.facebook.com/BarbequeNation/reels/,30-07-2026 07:08
https://facebook.com/reel/2403517256740454/,https://www.facebook.com/reel/2403517256740454,,2026-05-24T10:40:56.000Z,9900,9.9K,Barbeque Nation · Original audio,https://www.facebook.com/BarbequeNation/reels/,30-07-2026 07:08
https://facebook.com/reel/1826639288722059/,https://www.facebook.com/reel/1826639288722059,,2026-05-23T11:26:19.000Z,17000,17K,Barbeque Nation · Original audio,https://www.facebook.com/BarbequeNation/reels/,30-07-2026 07:08
https://facebook.com/reel/1489228563215403/,https://www.facebook.com/reel/1489228563215403,,2026-05-21T12:34:50.000Z,7700,7.7K,Barbeque Nation · Original audio,https://www.facebook.com/BarbequeNation/reels/,30-07-2026 07:08
https://facebook.com/reel/1164739329116721/,https://www.facebook.com/reel/1164739329116721,,2026-05-19T15:17:43.000Z,11000,11K,Barbeque Nation · Original audio,https://www.facebook.com/BarbequeNation/reels/,30-07-2026 07:08
https://facebook.com/reel/4543578059205802/,https://www.facebook.com/reel/4543578059205802,,2026-05-18T11:58:44.000Z,10000,10K,Barbeque Nation · Original audio,https://www.facebook.com/BarbequeNation/reels/,30-07-2026 07:08
https://facebook.com/reel/1277605654526795/,https://www.facebook.com/reel/1277605654526795,,2026-05-15T13:30:40.000Z,13000,13K,Barbeque Nation · Original audio,https://www.facebook.com/BarbequeNation/reels/,30-07-2026 07:08
https://facebook.com/reel/1295328515508836/,https://www.facebook.com/reel/1295328515508836,,2026-05-15T09:47:33.000Z,13000,13K,Barbeque Nation · Original audio,https://www.facebook.com/BarbequeNation/reels/,30-07-2026 07:08
https://facebook.com/reel/1681388099977474/,https://www.facebook.com/reel/1681388099977474,,2026-05-15T09:42:14.000Z,12000,12K,Barbeque Nation · Original audio,https://www.facebook.com/BarbequeNation/reels/,30-07-2026 07:08
https://facebook.com/reel/1519671119821879/,https://www.facebook.com/reel/1519671119821879,,2026-05-13T08:09:18.000Z,8700,8.7K,Barbeque Nation · Original audio,https://www.facebook.com/BarbequeNation/reels/,30-07-2026 07:08
https://facebook.com/reel/2396904104127890/,https://www.facebook.com/reel/2396904104127890,,2026-05-13T05:03:11.000Z,17000,17K,Barbeque Nation · Original audio,https://www.facebook.com/BarbequeNation/reels/,30-07-2026 07:08
https://facebook.com/reel/1339305368114902/,https://www.facebook.com/reel/1339305368114902,,2026-05-09T14:35:30.000Z,10000,10K,Barbeque Nation · Original audio,https://www.facebook.com/BarbequeNation/reels/,30-07-2026 07:08
https://facebook.com/reel/964317346354528/,https://www.facebook.com/reel/964317346354528,,2026-05-09T10:52:58.000Z,11000,11K,Barbeque Nation · Original audio,https://www.facebook.com/BarbequeNation/reels/,30-07-2026 07:08
https://facebook.com/reel/954146513927760/,https://www.facebook.com/reel/954146513927760,,2026-05-07T05:34:16.000Z,7500,7.5K,Barbeque Nation · Original audio,https://www.facebook.com/BarbequeNation/reels/,30-07-2026 07:08
https://facebook.com/reel/1285942467024198/,https://www.facebook.com/reel/1285942467024198,,2026-05-06T13:19:11.000Z,7800,7.8K,Barbeque Nation · Original audio,https://www.facebook.com/BarbequeNation/reels/,30-07-2026 07:08
https://facebook.com/reel/2424148744741071/,https://www.facebook.com/reel/2424148744741071,,2026-05-04T07:28:43.000Z,7800,7.8K,Barbeque Nation · Original audio,https://www.facebook.com/BarbequeNation/reels/,30-07-2026 07:08
https://facebook.com/reel/1945315426092785/,https://www.facebook.com/reel/1945315426092785,,2026-05-01T12:33:47.000Z,8800,8.8K,Barbeque Nation · Original audio,https://www.facebook.com/BarbequeNation/reels/,30-07-2026 07:08
https://facebook.com/reel/2270173056848985/,https://www.facebook.com/reel/2270173056848985,,2026-04-30T16:46:14.000Z,8900,8.9K,Barbeque Nation · Original audio,https://www.facebook.com/BarbequeNation/reels/,30-07-2026 07:08
https://facebook.com/reel/1204122281645881/,https://www.facebook.com/reel/1204122281645881,,2026-04-26T12:02:05.000Z,10000,10K,Barbeque Nation · Original audio,https://www.facebook.com/BarbequeNation/reels/,30-07-2026 07:08
https://facebook.com/reel/27537905389130556/,https://www.facebook.com/reel/27537905389130556,,2026-04-25T04:12:20.000Z,15000,15K,Barbeque Nation · Original audio,https://www.facebook.com/BarbequeNation/reels/,30-07-2026 07:08
https://facebook.com/reel/2711617979204793/,https://www.facebook.com/reel/2711617979204793,,2026-04-24T04:00:46.000Z,9700,9.7K,Barbeque Nation · Original audio,https://www.facebook.com/BarbequeNation/reels/,30-07-2026 07:08
https://facebook.com/reel/979809174580251/,https://www.facebook.com/reel/979809174580251,,2026-04-21T16:25:04.000Z,21000,21K,Barbeque Nation · Original audio,https://www.facebook.com/BarbequeNation/reels/,30-07-2026 07:08
https://facebook.com/reel/992891846504275/,https://www.facebook.com/reel/992891846504275,,2026-04-20T15:29:33.000Z,13000,13K,Barbeque Nation · Original audio,https://www.facebook.com/BarbequeNation/reels/,30-07-2026 07:08
https://facebook.com/reel/1660849748264349/,https://www.facebook.com/reel/1660849748264349,,2026-04-18T08:49:27.000Z,10000,10K,Barbeque Nation · Original audio,https://www.facebook.com/BarbequeNation/reels/,30-07-2026 07:08
https://facebook.com/reel/1496150798541493/,https://www.facebook.com/reel/1496150798541493,,2026-04-17T06:00:01.000Z,9700,9.7K,Barbeque Nation · Original audio,https://www.facebook.com/BarbequeNation/reels/,30-07-2026 07:08
https://facebook.com/reel/1480649326901472/,https://www.facebook.com/reel/1480649326901472,,2026-04-11T04:30:05.000Z,31000,31K,Barbeque Nation · Original audio,https://www.facebook.com/BarbequeNation/reels/,30-07-2026 07:08
https://facebook.com/reel/1457950255740067/,https://www.facebook.com/reel/1457950255740067,,2026-04-08T06:25:55.000Z,11000,11K,Barbeque Nation · Original audio,https://www.facebook.com/BarbequeNation/reels/,30-07-2026 07:08
https://facebook.com/reel/1609953210269927/,https://www.facebook.com/reel/1609953210269927,,2026-04-07T09:06:10.000Z,43000,43K,Barbeque Nation · Original audio,https://www.facebook.com/BarbequeNation/reels/,30-07-2026 07:08
https://facebook.com/reel/1312533660757031/,https://www.facebook.com/reel/1312533660757031,,2026-04-06T12:52:13.000Z,13000,13K,Barbeque Nation · Original audio,https://www.facebook.com/BarbequeNation/reels/,30-07-2026 07:08
https://facebook.com/reel/1216673853824052/,https://www.facebook.com/reel/1216673853824052,,2026-04-04T03:52:32.000Z,24000,24K,Barbeque Nation · Original audio,https://www.facebook.com/BarbequeNation/reels/,30-07-2026 07:08
https://facebook.com/reel/1472593864530541/,https://www.facebook.com/reel/1472593864530541,,2026-04-01T11:58:25.000Z,9200,9.2K,Barbeque Nation · Original audio,https://www.facebook.com/BarbequeNation/reels/,30-07-2026 07:08
https://facebook.com/reel/1954061045986860/,https://www.facebook.com/reel/1954061045986860,,2026-03-30T11:54:24.000Z,10000,10K,Barbeque Nation · Original audio,https://www.facebook.com/BarbequeNation/reels/,30-07-2026 07:08
https://facebook.com/reel/1525060452375834/,https://www.facebook.com/reel/1525060452375834,,2026-03-30T06:19:54.000Z,9500,9.5K,Barbeque Nation · Original audio,https://www.facebook.com/BarbequeNation/reels/,30-07-2026 07:08
https://facebook.com/reel/1482467416595647/,https://www.facebook.com/reel/1482467416595647,,2026-03-28T17:40:40.000Z,7800,7.8K,Barbeque Nation · Original audio,https://www.facebook.com/BarbequeNation/reels/,30-07-2026 07:08
https://facebook.com/reel/1488740266144962/,https://www.facebook.com/reel/1488740266144962,,2026-03-28T11:38:51.000Z,5700,5.7K,Barbeque Nation · Original audio,https://www.facebook.com/BarbequeNation/reels/,30-07-2026 07:08
https://facebook.com/reel/925035566783903/,https://www.facebook.com/reel/925035566783903,,2026-03-13T17:05:15.000Z,14000,14K,Barbeque Nation · Original audio,https://www.facebook.com/BarbequeNation/reels/,30-07-2026 07:08
https://facebook.com/reel/1484274366536807/,https://www.facebook.com/reel/1484274366536807,,2026-03-11T10:00:51.000Z,16000,16K,Barbeque Nation · Original audio,https://www.facebook.com/BarbequeNation/reels/,30-07-2026 07:08
https://facebook.com/reel/777305261710399/,https://www.facebook.com/reel/777305261710399,,2026-03-10T09:30:08.000Z,10000,10K,Barbeque Nation · Original audio,https://www.facebook.com/BarbequeNation/reels/,30-07-2026 07:08
https://facebook.com/reel/912165591417223/,https://www.facebook.com/reel/912165591417223,,2026-03-10T05:33:15.000Z,7200,7.2K,Barbeque Nation · Original audio,https://www.facebook.com/BarbequeNation/reels/,30-07-2026 07:08
https://facebook.com/reel/908074361936838/,https://www.facebook.com/reel/908074361936838,,2026-03-09T13:20:46.000Z,5900,5.9K,Barbeque Nation · Original audio,https://www.facebook.com/BarbequeNation/reels/,30-07-2026 07:08
https://facebook.com/reel/1483563196624757/,https://www.facebook.com/reel/1483563196624757,,2026-03-09T06:26:42.000Z,8000,8K,Barbeque Nation · Original audio,https://www.facebook.com/BarbequeNation/reels/,30-07-2026 07:08
https://facebook.com/reel/1981130212805710/,https://www.facebook.com/reel/1981130212805710,,2026-03-08T10:54:17.000Z,5800,5.8K,Barbeque Nation · Original audio,https://www.facebook.com/BarbequeNation/reels/,30-07-2026 07:08
https://facebook.com/reel/1560833411696671/,https://www.facebook.com/reel/1560833411696671,,2026-03-05T15:26:46.000Z,8200,8.2K,Barbeque Nation · Original audio,https://www.facebook.com/BarbequeNation/reels/,30-07-2026 07:08
https://facebook.com/reel/2054810965093125/,https://www.facebook.com/reel/2054810965093125,,2026-03-04T13:03:29.000Z,9700,9.7K,Barbeque Nation · Original audio,https://www.facebook.com/BarbequeNation/reels/,30-07-2026 07:08
https://facebook.com/reel/1223489323225278/,https://www.facebook.com/reel/1223489323225278,,2026-03-04T10:33:16.000Z,8000,8K,Barbeque Nation · Original audio,https://www.facebook.com/BarbequeNation/reels/,30-07-2026 07:08
https://facebook.com/reel/1956852701707120/,https://www.facebook.com/reel/1956852701707120,,2026-03-02T07:22:28.000Z,7300,7.3K,Barbeque Nation · Original audio,https://www.facebook.com/BarbequeNation/reels/,30-07-2026 07:08
https://facebook.com/reel/1229387656009917/,https://www.facebook.com/reel/1229387656009917,,2026-03-01T06:30:39.000Z,8600,8.6K,Viacheslav Starostin · Ocean Drive Escape,https://www.facebook.com/BarbequeNation/reels/,30-07-2026 07:08
