id,type,subreddit,author,upvotes_score,word_count,char_count,created_date,created_day,created_year_month,content_clean,url
oflxutj,comment,IndianFoodPhotos,sachin_root,122,8,47,2026-04-11,Saturday,2026-04,pure destruction in mind with bunch of friends.,https://www.reddit.com/r/IndianFoodPhotos/comments/1siisjw/have_you_tried_barbeque_nations_unlimited_buffet/oflxutj/
ofpw5dz,comment,IndianFoodPhotos,Feathery_Hotels,10,40,204,2026-04-12,Sunday,2026-04,"Just prawns, fish, and a little bit of chicken for bbq, and only mutton for the buffet. No rice, no corn, no cheap carbs. You got this! No breakfast that day and eat enough to skip breakfast the next day.",https://www.reddit.com/r/IndianFoodPhotos/comments/1siisjw/have_you_tried_barbeque_nations_unlimited_buffet/ofpw5dz/
ofs7aea,comment,IndianFoodPhotos,ifrager,5,59,315,2026-04-12,Sunday,2026-04,"Even if you full with barbeque Their strategies like 1. Always serve chicken and not prawn ,mutton ,fish 2. Always serve bland even after saying spicy 3. Always serve uncooked so it cooks late and you die of hunger Etc These things make buffet very bad and you end up eating less in barbeque and more in main course",https://www.reddit.com/r/IndianFoodPhotos/comments/1siisjw/have_you_tried_barbeque_nations_unlimited_buffet/ofs7aea/
ofzmr39,comment,IndianFoodPhotos,Repulsive-Sorbet1616,3,14,68,2026-04-13,Monday,2026-04,The buffet is genuinely not worth the money but the live bbq was apt,https://www.reddit.com/r/IndianFoodPhotos/comments/1siisjw/have_you_tried_barbeque_nations_unlimited_buffet/ofzmr39/
ofyb20b,comment,IndianFoodPhotos,notourworld27,1,8,44,2026-04-13,Monday,2026-04,"I agree ,their starters are soo good though.",https://www.reddit.com/r/IndianFoodPhotos/comments/1siisjw/have_you_tried_barbeque_nations_unlimited_buffet/ofyb20b/
ogk144h,comment,IndianFoodPhotos,bubblesmashertie,1,4,16,2026-04-16,Thursday,2026-04,That’s the key 🔑,https://www.reddit.com/r/IndianFoodPhotos/comments/1siisjw/have_you_tried_barbeque_nations_unlimited_buffet/ogk144h/
oflzgpu,comment,IndianFoodPhotos,sachin_root,28,6,38,2026-04-11,Saturday,2026-04,focus on objective mate no distraction,https://www.reddit.com/r/IndianFoodPhotos/comments/1siisjw/have_you_tried_barbeque_nations_unlimited_buffet/oflzgpu/
ofmhrvw,comment,IndianFoodPhotos,mdNaush,6,7,47,2026-04-11,Saturday,2026-04,“CoNgRaTuLaTiOnS…..”. I can hear the voices man,https://www.reddit.com/r/IndianFoodPhotos/comments/1siisjw/have_you_tried_barbeque_nations_unlimited_buffet/ofmhrvw/
osbxhoy,comment,delhi,Open-Zookeepergame90,100,72,368,2026-06-18,Thursday,2026-06,"1. main course is usually not good. fill up 80% on the starters, 10% main course, 10% deserts 2. drink less water, it'll fill up your stomach. 3. wear loose pants. no need to go in jeans 4. tell them to send no veg starters to your table (except corn. corn's good). you're free to try out more, but you'll lose your stomach storage to veg food. 🥸 that's pretty much it",https://www.reddit.com/r/delhi/comments/1u8y9tr/visiting_bbq_nation_for_the_first_time_this/osbxhoy/
osbz4rh,comment,delhi,Grimmer_511,27,10,68,2026-06-18,Thursday,2026-06,for me personally its 60-70% starters 10% maincourse 20-30% desserts,https://www.reddit.com/r/delhi/comments/1u8y9tr/visiting_bbq_nation_for_the_first_time_this/osbz4rh/
osc26if,comment,delhi,Initial_Barnacle_881,45,8,52,2026-06-18,Thursday,2026-06,"Aap tho experienced lag rahe ho, Bhandara specialist",https://www.reddit.com/r/delhi/comments/1u8y9tr/visiting_bbq_nation_for_the_first_time_this/osc26if/
oscrw94,comment,delhi,braveyetti117,4,10,46,2026-06-18,Thursday,2026-06,"Aloo is also good, the only veg starter I take",https://www.reddit.com/r/delhi/comments/1u8y9tr/visiting_bbq_nation_for_the_first_time_this/oscrw94/
osevsgq,comment,delhi,theextracharacter,1,8,45,2026-06-18,Thursday,2026-06,"That plus Palak Patta Chaat, it's pretty good",https://www.reddit.com/r/delhi/comments/1u8y9tr/visiting_bbq_nation_for_the_first_time_this/osevsgq/
oscbllc,comment,delhi,GreedyBread3860,5,3,9,2026-06-18,Thursday,2026-06,Le sigh 🙄,https://www.reddit.com/r/delhi/comments/1u8y9tr/visiting_bbq_nation_for_the_first_time_this/oscbllc/
oscpl37,comment,delhi,Titanious11,3,24,119,2026-06-18,Thursday,2026-06,"I went to pirates of grill in patiala and oh boy it was the best buffet I've ever had, much better than barbeque nation",https://www.reddit.com/r/delhi/comments/1u8y9tr/visiting_bbq_nation_for_the_first_time_this/oscpl37/
oe0snw2,comment,indiafood,amethystcoral1,64,7,34,2026-04-03,Friday,2026-04,Only starters I like at bbq nation,https://www.reddit.com/r/indiafood/comments/1sb4x4t/i_ate_at_bbq_nation_do_you_like_it/oe0snw2/
oe24mpf,comment,indiafood,tifosi7,6,13,66,2026-04-03,Friday,2026-04,Even that is shit in the last few years. Charred and poor quality.,https://www.reddit.com/r/indiafood/comments/1sb4x4t/i_ate_at_bbq_nation_do_you_like_it/oe24mpf/
oe1gsll,comment,indiafood,Gungun_26,5,4,22,2026-04-03,Friday,2026-04,Plated to perfection ✨,https://www.reddit.com/r/indiafood/comments/1sb4x4t/i_ate_at_bbq_nation_do_you_like_it/oe1gsll/
oe27e7k,comment,indiafood,amethystcoral1,2,8,31,2026-04-03,Friday,2026-04,Last time I had was 6 years ago,https://www.reddit.com/r/indiafood/comments/1sb4x4t/i_ate_at_bbq_nation_do_you_like_it/oe27e7k/
oe0s912,comment,indiafood,nzfx96,92,14,69,2026-04-03,Friday,2026-04,I asked mom. Mom asked price. We are making biryani at home now yaay.,https://www.reddit.com/r/indiafood/comments/1sb4x4t/i_ate_at_bbq_nation_do_you_like_it/oe0s912/
oen9npd,comment,indiafood,AdFew8858,3,10,56,2026-04-06,Monday,2026-04,Plot twist. Your wanted to have mom's biryani all along.,https://www.reddit.com/r/indiafood/comments/1sb4x4t/i_ate_at_bbq_nation_do_you_like_it/oen9npd/
oe11vgo,comment,indiafood,icecoldpd,5,9,44,2026-04-03,Friday,2026-04,It’s just ₹400 what’s the rate at your place,https://www.reddit.com/r/indiafood/comments/1sb4x4t/i_ate_at_bbq_nation_do_you_like_it/oe11vgo/
oen9wrk,comment,indiafood,nzfx96,1,1,5,2026-04-06,Monday,2026-04,😂😂😂😂😂,https://www.reddit.com/r/indiafood/comments/1sb4x4t/i_ate_at_bbq_nation_do_you_like_it/oen9wrk/
oe137yg,comment,indiafood,nzfx96,20,1,9,2026-04-03,Friday,2026-04,1100-1200,https://www.reddit.com/r/indiafood/comments/1sb4x4t/i_ate_at_bbq_nation_do_you_like_it/oe137yg/
oe1qenx,comment,indiafood,CLubbr3X,9,14,80,2026-04-03,Friday,2026-04,the fuck?? even on weekdays with 10+ people it's atleast minimum 700 per person.,https://www.reddit.com/r/indiafood/comments/1sb4x4t/i_ate_at_bbq_nation_do_you_like_it/oe1qenx/
t3_1thl7uv,post,kolkata,anaaannya,26,157,808,2026-05-19,Tuesday,2026-05,"So it's awkward to say but i never ever went bbq nation. This time i am taking my mother on her bday. She had wish for long time to go there and eat unlimited starters. She listened stories about this from her other friends and all. That's why taking her there and it will be also 1st time for me. Now the questions: I pre booked table through there app. Non veg option selected. Yet i was seeing picture of MENU CARD with items and some are getting served grill oven on the table... isn't it buffet? Like people go to the counter and take food on there own? Or waiter also serves, if we select food from the menu and tell them to bring food? Like what is the procedure after entering bbq nation.. also i am planning to request a cake for my mother, how much around extra cost will need? please guide me... 🙏",https://www.reddit.com/r/kolkata/comments/1thl7uv/will_go_1st_time_for_buffet_lunch_in_bbq_nation/
omnsj1i,comment,kolkata,Kitchen_King6123,34,179,952,2026-05-19,Tuesday,2026-05,"Congratulations and hope you enjoy the food a lot. Here are few points to follow: * Do not drink water or soda too much during starters, if needed just a sip. * Eat slowly, you have 2 hours. That way you can relish, flavour it and not feel full quickly. * Skip oily items like fried potato, or friend corn. Makes you thirsty. * Once starters are done, take rest for 5-6 minutes and check all the available options in main course. * For main course, skip salads (you can have it at home), chutney, mayonnaise, again they fill you up or thirsty. * Always save room for Kulfi and Mini Gulab Jamoon. * Take pictures and enjoy the moment. Get a reservation before you visit. After you enter, tell the name by whom the reservation is done. The waiter will take you to your table. They will ask whether it is veg/non-veg option. Then they will bring the grill for starters. Once starters are done, you say it when you are done or else they will keep bringing.",https://www.reddit.com/r/kolkata/comments/1thl7uv/will_go_1st_time_for_buffet_lunch_in_bbq_nation/omnsj1i/
omqfk7f,comment,kolkata,anaaannya,2,15,76,2026-05-19,Tuesday,2026-05,Thank you for the advice... i already booked a table using bbq nation app. 🖤,https://www.reddit.com/r/kolkata/comments/1thl7uv/will_go_1st_time_for_buffet_lunch_in_bbq_nation/omqfk7f/
omzzdtf,comment,kolkata,Kitchen_King6123,1,7,39,2026-05-21,Thursday,2026-05,Excellent! Enjoy and have a great time.,https://www.reddit.com/r/kolkata/comments/1thl7uv/will_go_1st_time_for_buffet_lunch_in_bbq_nation/omzzdtf/
omqfa1j,comment,kolkata,anaaannya,2,8,37,2026-05-19,Tuesday,2026-05,Will keep that in my mind! Thank you🖤,https://www.reddit.com/r/kolkata/comments/1thl7uv/will_go_1st_time_for_buffet_lunch_in_bbq_nation/omqfa1j/
omnuzc6,comment,kolkata,Saambajarer-Sosibabu,4,412,2174,2026-05-19,Tuesday,2026-05,"Yes, that's the concept of Barbeque Nation, you will have a live grill inserted to your table and they will serve meat and veggies like 90% done on that and then you can grill the last 10% on your own on the table. They will have different condiments like butter, oil, etc along with a brush, you can brush them over the meat and turn the skewers and grill them to your liking and eat them. All cutlery is provided to get the meat off the skewers. Since you've chosen non veg, majority of people go mostly for the prawn but I would suggest try everything because if you choose non veg, they will also serve the vegetarian dishes as well if you ask them. Definitely try the cajun potatoes and grilled pineapples, ask them if they are not serving, they will serve that to you. People usually tend to overeat the grills a lot and then have no space for the mains and desserts. Since this is your first time, keep space for everything and try everything. They have a good spread of mains and even better spread of desserts and since this is Kolkata I can expect nothing but delicious food in every course. Also don't forget the grills are unlimited so keep asking for refills as per your requirement. Also, since live grills will be inserted to the table, there will be a lot of smoke around which might sometimes become uncomfortable so try not keeping meat too long on the grill, it will get hard and produce smoke as it chars. Once you are done with the grills and want to move on to the mains, you will see a small flag next to the grill, you just need to pull it down to indicate that you are done with grills, they will immediately take the grill away and cover the slot which will give respite from the smoke while you're eating rest of the food. And since you said you're taking your mom on her birthday, inform it to the staff while keeping it secret from your mom, they will come with a small cake and sing Happy Birthday to your mom. It's for free. Hope you have a great time with your parents, just enjoy without any stress! :) Damn now even I want to eat at BBQ Nation, been ages! Unfortunately I no longer have the yeh jawaani hai deewani stomach with me anymore 😭",https://www.reddit.com/r/kolkata/comments/1thl7uv/will_go_1st_time_for_buffet_lunch_in_bbq_nation/omnuzc6/
omqett6,comment,kolkata,anaaannya,2,17,104,2026-05-19,Tuesday,2026-05,Thank you for this elaborate comment 🖤... your comment totally cleared my all worries and queries fully!,https://www.reddit.com/r/kolkata/comments/1thl7uv/will_go_1st_time_for_buffet_lunch_in_bbq_nation/omqett6/
t3_1u7enp6,post,mumbai,Excellent-Pie-3846,0,11,69,2026-06-16,Tuesday,2026-06,What's the difference between both these offers?? Any change in food?,https://www.reddit.com/r/mumbai/comments/1u7enp6/bbq_nation_doubt/
os0tybb,comment,mumbai,SIPHAN_official,3,33,199,2026-06-16,Tuesday,2026-06,"As the description says, the first and more expensive option has starters, main course and dessert included. The second option only gives you access to starters and dessert, that's why it is cheaper.",https://www.reddit.com/r/mumbai/comments/1u7enp6/bbq_nation_doubt/os0tybb/
os4mp2e,comment,mumbai,Moist-Falcon-1189,1,4,18,2026-06-17,Wednesday,2026-06,Which app is this?,https://www.reddit.com/r/mumbai/comments/1u7enp6/bbq_nation_doubt/os4mp2e/
osgj3t6,comment,mumbai,santrupt1994,1,21,123,2026-06-18,Thursday,2026-06,"799 includes starters, main course and dessert and 479 including starter and dessert only and also is for lunch slots only.",https://www.reddit.com/r/mumbai/comments/1u7enp6/bbq_nation_doubt/osgj3t6/
ospe46j,comment,mumbai,Due-Order5501,1,22,104,2026-06-20,Saturday,2026-06,"Go for cheaper options , bbq nation starters are must. We used to only have them and they are worth it .",https://www.reddit.com/r/mumbai/comments/1u7enp6/bbq_nation_doubt/ospe46j/
orxy4u8,comment,indiafood,HumanWithResources,9,9,48,2026-06-16,Tuesday,2026-06,Looks like there's no main course in Big Buffet.,https://www.reddit.com/r/indiafood/comments/1u76my9/i_ate_bbq_nation_doubt_whats_the_difference/orxy4u8/
ory9bk5,comment,indiafood,Far09_,1,14,69,2026-06-16,Tuesday,2026-06,Non veg buffet = veg buffet + non veg starters + non-veg main courses,https://www.reddit.com/r/indiafood/comments/1u76my9/i_ate_bbq_nation_doubt_whats_the_difference/ory9bk5/
orzlrh3,comment,indiafood,Excellent-Pie-3846,1,13,59,2026-06-16,Tuesday,2026-06,U are talking about the 799 one? So what about the 479 one?,https://www.reddit.com/r/indiafood/comments/1u76my9/i_ate_bbq_nation_doubt_whats_the_difference/orzlrh3/
os1ir85,comment,indiafood,Far09_,1,18,109,2026-06-16,Tuesday,2026-06,"479 just has non-veg starters, main and dessert, nothing for grilling (and the protein is chicken, no prawns)",https://www.reddit.com/r/indiafood/comments/1u76my9/i_ate_bbq_nation_doubt_whats_the_difference/os1ir85/
os0ad8z,comment,indiafood,Successful_South6877,1,27,157,2026-06-16,Tuesday,2026-06,"The 479 one will not have grill section. Only starters that'll be served and main course as buffet. No prawns and mutton. (My experience in Thrissur, Kerala)",https://www.reddit.com/r/indiafood/comments/1u76my9/i_ate_bbq_nation_doubt_whats_the_difference/os0ad8z/
os8alvy,comment,indiafood,BigConclusion8436,1,28,152,2026-06-17,Wednesday,2026-06,450 has no grills. And they only serve chicken starters like wings and tangdi both bone in and a fish starter called fish fingers. For veg paneer tikka.,https://www.reddit.com/r/indiafood/comments/1u76my9/i_ate_bbq_nation_doubt_whats_the_difference/os8alvy/
lb538tl,comment,indiafood,sarumanismyboi,58,27,130,2024-07-01,Monday,2024-07,How I eat at a BBQ Nation - 65% Starters \ 20% Desserts \ 10% Main Course\ 5% Live Counter (Pasta etc.) Edit - Added live counter.,https://www.reddit.com/r/indiafood/comments/1dsv713/i_ate_at_bbq_nation/lb538tl/
lb5v4ua,comment,indiafood,Putin_Does_Russia,16,4,22,2024-07-01,Monday,2024-07,100% starters anyone ?,https://www.reddit.com/r/indiafood/comments/1dsv713/i_ate_at_bbq_nation/lb5v4ua/
lb6vf7v,comment,indiafood,El_Impresionante,6,5,18,2024-07-01,Monday,2024-07,Yup! OP is a noob.,https://www.reddit.com/r/indiafood/comments/1dsv713/i_ate_at_bbq_nation/lb6vf7v/
lb8wk8d,comment,indiafood,Simran__Kaur,1,9,38,2024-07-02,Tuesday,2024-07,So truee lol. They want you to do this,https://www.reddit.com/r/indiafood/comments/1dsv713/i_ate_at_bbq_nation/lb8wk8d/
lbb2yzi,comment,indiafood,Vast_Researcher_199,1,7,33,2024-07-02,Tuesday,2024-07,I fully chuck the main course :DD,https://www.reddit.com/r/indiafood/comments/1dsv713/i_ate_at_bbq_nation/lbb2yzi/
lb5cawx,comment,indiafood,awkward_neuron,0,1,3,2024-07-01,Monday,2024-07,😭👍🏼,https://www.reddit.com/r/indiafood/comments/1dsv713/i_ate_at_bbq_nation/lb5cawx/
lb8fi53,comment,indiafood,AggressiveScience470,5,12,52,2024-07-02,Tuesday,2024-07,Me ✋🏼 I only have that corn and move on to starters.,https://www.reddit.com/r/indiafood/comments/1dsv713/i_ate_at_bbq_nation/lb8fi53/
lbb2xtn,comment,indiafood,Vast_Researcher_199,1,1,7,2024-07-02,Tuesday,2024-07,MEEE!!!,https://www.reddit.com/r/indiafood/comments/1dsv713/i_ate_at_bbq_nation/lbb2xtn/
lb52069,comment,indiafood,sulkyduckie,26,9,39,2024-07-01,Monday,2024-07,No offence but I hate those pani puri 😭,https://www.reddit.com/r/indiafood/comments/1dsv713/i_ate_at_bbq_nation/lb52069/
lb5ccxo,comment,indiafood,awkward_neuron,3,7,34,2024-07-01,Monday,2024-07,yeah even i didn’t like those much,https://www.reddit.com/r/indiafood/comments/1dsv713/i_ate_at_bbq_nation/lb5ccxo/
lzu4rwa,comment,indiasocial,Capable_Seaweed_5866,67,4,23,2024-12-01,Sunday,2024-12,Bhai woh Vegetarian hai,https://www.reddit.com/r/indiasocial/comments/1h3w44q/two_of_the_best_things_at_bbq_nation/lzu4rwa/
lzum3km,comment,indiasocial,[deleted],5,29,171,2024-12-01,Sunday,2024-12,Bbq's gravy dont taste good bhai. Have tried at multiple bbq's but their gravys are poor. It's just their starters (specially non veg) and deserts probably to some extent.,https://www.reddit.com/r/indiasocial/comments/1h3w44q/two_of_the_best_things_at_bbq_nation/lzum3km/
lzy8eyc,comment,indiasocial,RegentDragoon0,2,4,25,2024-12-01,Sunday,2024-12,"Mutton,chicken ❌ Prawns ✅",https://www.reddit.com/r/indiasocial/comments/1h3w44q/two_of_the_best_things_at_bbq_nation/lzy8eyc/
lzu54cw,comment,indiasocial,z35u,87,18,84,2024-12-01,Sunday,2024-12,"Sorry OP. PR Bhai veg ho kr bbq nation jaana hi kyun, faltu ka paise barbaad fir toh",https://www.reddit.com/r/indiasocial/comments/1h3w44q/two_of_the_best_things_at_bbq_nation/lzu54cw/
oe0stug,comment,Aajmainekhaya,nochill1702,86,28,139,2026-04-03,Friday,2026-04,"The only thing I go to eat is the prawns, chicken legs. Starters pe paisa vasool kar leta hoon, main course ke liye pet me jagah nahi rehta",https://www.reddit.com/r/Aajmainekhaya/comments/1sb4vpv/do_you_like_bbq_nation/oe0stug/
oe0va6n,comment,Aajmainekhaya,Brief_Atmosphere5359,36,8,35,2026-04-03,Friday,2026-04,main course me wo baat bhi nhi hoti,https://www.reddit.com/r/Aajmainekhaya/comments/1sb4vpv/do_you_like_bbq_nation/oe0va6n/
oekw5k1,comment,Aajmainekhaya,KARNIVOREX,2,5,17,2026-04-06,Monday,2026-04,Mera bhai he tu 😆,https://www.reddit.com/r/Aajmainekhaya/comments/1sb4vpv/do_you_like_bbq_nation/oekw5k1/
oesrvz5,comment,Aajmainekhaya,thydonmoccome,2,3,11,2026-04-07,Tuesday,2026-04,You the guy,https://www.reddit.com/r/Aajmainekhaya/comments/1sb4vpv/do_you_like_bbq_nation/oesrvz5/
oe0v24f,comment,Aajmainekhaya,Superb-Elevator-350,1,6,28,2026-04-03,Friday,2026-04,And two servings of desert 😂,https://www.reddit.com/r/Aajmainekhaya/comments/1sb4vpv/do_you_like_bbq_nation/oe0v24f/
oe2i1hc,comment,Aajmainekhaya,fareed1903,1,29,163,2026-04-03,Friday,2026-04,"Bilkul sahi kaha bhai, the grilled starters are so tasty and make your stomach full that main course ke liye jagah nahi bachti, prawns and chicken is lip smacking!",https://www.reddit.com/r/Aajmainekhaya/comments/1sb4vpv/do_you_like_bbq_nation/oe2i1hc/
ofbdri2,comment,Aajmainekhaya,Innocuous_salt,1,41,205,2026-04-10,Friday,2026-04,Exactly… the mains and desserts are a let down. I also only eat the non veg skewers and they keep trying to send other starters to your table to fill you up. I will admit that i like the grilled pineapple.,https://www.reddit.com/r/Aajmainekhaya/comments/1sb4vpv/do_you_like_bbq_nation/ofbdri2/
oe0v3r4,comment,Aajmainekhaya,Rich-Apartment4876,-16,6,33,2026-04-03,Friday,2026-04,and you fell for their propaganda,https://www.reddit.com/r/Aajmainekhaya/comments/1sb4vpv/do_you_like_bbq_nation/oe0v3r4/
oe1xpf4,comment,Aajmainekhaya,opssiee,3,17,78,2026-04-03,Friday,2026-04,i feel like ki pet itna bhar jaata hai ki main course ka mann hi nahi karta...,https://www.reddit.com/r/Aajmainekhaya/comments/1sb4vpv/do_you_like_bbq_nation/oe1xpf4/
oe27by5,comment,Aajmainekhaya,Brief_Atmosphere5359,3,8,42,2026-04-03,Friday,2026-04,still main course is like formality k liye,https://www.reddit.com/r/Aajmainekhaya/comments/1sb4vpv/do_you_like_bbq_nation/oe27by5/
nuq28hr,comment,Aajmainekhaya,DebangRekar,6,14,63,2025-12-18,Thursday,2025-12,I had like 10 pineapples this month but no one to make happy :(,https://www.reddit.com/r/Aajmainekhaya/comments/1ppsal8/got_addicted_to_grilled_pineapple_in_bbq_nation/nuq28hr/
nv05l11,comment,Aajmainekhaya,Puzzleheaded_East_94,1,12,58,2025-12-20,Saturday,2025-12,Kyu bhai. I eat a bunch of pineapples but see no effects??,https://www.reddit.com/r/Aajmainekhaya/comments/1ppsal8/got_addicted_to_grilled_pineapple_in_bbq_nation/nv05l11/
nv7ihfv,comment,Aajmainekhaya,Beymaxx,3,9,33,2025-12-21,Sunday,2025-12,The effect is not for u to see :),https://www.reddit.com/r/Aajmainekhaya/comments/1ppsal8/got_addicted_to_grilled_pineapple_in_bbq_nation/nv7ihfv/
nvd3ibd,comment,Aajmainekhaya,ZenMat79,1,9,41,2025-12-22,Monday,2025-12,Aap effects na hi dekho toh behtar hai 🙏🏼,https://www.reddit.com/r/Aajmainekhaya/comments/1ppsal8/got_addicted_to_grilled_pineapple_in_bbq_nation/nvd3ibd/
nvzfid8,comment,Aajmainekhaya,Puzzleheaded_East_94,1,6,26,2025-12-26,Friday,2025-12,Dekh liya. Well worth it 😌,https://www.reddit.com/r/Aajmainekhaya/comments/1ppsal8/got_addicted_to_grilled_pineapple_in_bbq_nation/nvzfid8/
nup0bwh,comment,Aajmainekhaya,Rich_Lingonberry359,7,3,13,2025-12-18,Thursday,2025-12,Ek dum tasty😋,https://www.reddit.com/r/Aajmainekhaya/comments/1ppsal8/got_addicted_to_grilled_pineapple_in_bbq_nation/nup0bwh/
nuq4k63,comment,Aajmainekhaya,Rich_Lingonberry359,1,4,26,2025-12-18,Thursday,2025-12,Nope.just normal dosa tawa,https://www.reddit.com/r/Aajmainekhaya/comments/1ppsal8/got_addicted_to_grilled_pineapple_in_bbq_nation/nuq4k63/
t3_1kztli6,post,foodiefam,aditigupta22,316,96,533,2025-05-31,Saturday,2025-05,"Grilled pineapple and tangdi kabab? Great. But nothing hits quite like the dessert section at BBQ Nation. Mini gulab jamuns, brownies under the live chocolate fountain, kulfi stations, phirni in tiny clay pots, and that underrated caramel pudding - it’s a sweet lover’s heaven. I lowkey skip a round of starters just to save room for this. Tell me your top 3 BBQ Nation desserts — I’ll go first: 1. Moong dal halwa 2. Kulfi 3. Gulab jamun (x4) (ps- it was in a separate bowl) Let’s settle it. What’s the GOAT dessert on that counter?",https://www.reddit.com/r/foodiefam/comments/1kztli6/lets_be_honest_most_of_us_go_to_bbq_nation_for/
mveh6jo,comment,foodiefam,toeyilla_tortois,2,20,108,2025-06-01,Sunday,2025-06,Nah man they ruined the shit out of their deserts. They literally got candy jellies at the desert section 😭🙏,https://www.reddit.com/r/foodiefam/comments/1kztli6/lets_be_honest_most_of_us_go_to_bbq_nation_for/mveh6jo/
mvfobfu,comment,foodiefam,Legitimate_Umpire409,4,17,88,2025-06-01,Sunday,2025-06,"Nah man, the pastries are dry and smelly and the gulab jamun is basically a sugar paste,",https://www.reddit.com/r/foodiefam/comments/1kztli6/lets_be_honest_most_of_us_go_to_bbq_nation_for/mvfobfu/
mv97kwd,comment,foodiefam,I_manage_somehow,60,4,26,2025-05-31,Saturday,2025-05,Prawns. That's it. Prawns.,https://www.reddit.com/r/foodiefam/comments/1kztli6/lets_be_honest_most_of_us_go_to_bbq_nation_for/mv97kwd/
mv98u8l,comment,foodiefam,cheekychickaa,16,8,35,2025-05-31,Saturday,2025-05,I think we HAVE to be friends. Now.,https://www.reddit.com/r/foodiefam/comments/1kztli6/lets_be_honest_most_of_us_go_to_bbq_nation_for/mv98u8l/
mv9fcps,comment,foodiefam,xinomindi,7,11,56,2025-05-31,Saturday,2025-05,The only correct answer. 99% of my diet there is prawns!,https://www.reddit.com/r/foodiefam/comments/1kztli6/lets_be_honest_most_of_us_go_to_bbq_nation_for/mv9fcps/
mv9kk7u,comment,foodiefam,Lemonpicklebutpink,6,4,26,2025-05-31,Saturday,2025-05,Atleast someone knows food,https://www.reddit.com/r/foodiefam/comments/1kztli6/lets_be_honest_most_of_us_go_to_bbq_nation_for/mv9kk7u/
mvadj2v,comment,foodiefam,Ladydabang,3,10,51,2025-05-31,Saturday,2025-05,That’s the only reason why I go to barbeque nation!,https://www.reddit.com/r/foodiefam/comments/1kztli6/lets_be_honest_most_of_us_go_to_bbq_nation_for/mvadj2v/
mvavpoo,comment,foodiefam,Secure_Criticism4638,3,17,92,2025-05-31,Saturday,2025-05,"Exactly. Just prawns and I love grilled pineapple too, last time they changed it to papaya 🤮",https://www.reddit.com/r/foodiefam/comments/1kztli6/lets_be_honest_most_of_us_go_to_bbq_nation_for/mvavpoo/
mv9fdzy,comment,foodiefam,Old-Cake1718,8,14,70,2025-05-31,Saturday,2025-05,"omg us, I love em prawns there. even better than chicken and tht fish.",https://www.reddit.com/r/foodiefam/comments/1kztli6/lets_be_honest_most_of_us_go_to_bbq_nation_for/mv9fdzy/
on10b3q,comment,Aajmainekhaya,Solid-Crab8096,7,24,131,2026-05-21,Thursday,2026-05,Pirates of grill is better now. Bbq nation used to be good but their quality suddenly dropped when they got listed in share market.,https://www.reddit.com/r/Aajmainekhaya/comments/1tjdaxh/bbq_nation_for_the_first_time/on10b3q/
on1cn7p,comment,Aajmainekhaya,orange_scam,2,6,31,2026-05-21,Thursday,2026-05,Would try it next time forsuure,https://www.reddit.com/r/Aajmainekhaya/comments/1tjdaxh/bbq_nation_for_the_first_time/on1cn7p/
on1oalb,comment,Aajmainekhaya,WarmBusiness6581,1,1,9,2026-05-21,Thursday,2026-05,Location?,https://www.reddit.com/r/Aajmainekhaya/comments/1tjdaxh/bbq_nation_for_the_first_time/on1oalb/
on69o0h,comment,Aajmainekhaya,Solid-Crab8096,1,6,34,2026-05-22,Friday,2026-05,They're present in delhi ncr only.,https://www.reddit.com/r/Aajmainekhaya/comments/1tjdaxh/bbq_nation_for_the_first_time/on69o0h/
on0t4qf,comment,Aajmainekhaya,orange_scam,1,3,11,2026-05-21,Thursday,2026-05,💔my bad gng,https://www.reddit.com/r/Aajmainekhaya/comments/1tjdaxh/bbq_nation_for_the_first_time/on0t4qf/
on0qi7c,comment,Aajmainekhaya,a_sensitive,1,3,13,2026-05-21,Thursday,2026-05,Sooo good 😋😋😋,https://www.reddit.com/r/Aajmainekhaya/comments/1tjdaxh/bbq_nation_for_the_first_time/on0qi7c/
on0t5ab,comment,Aajmainekhaya,orange_scam,1,3,11,2026-05-21,Thursday,2026-05,Yepp it was,https://www.reddit.com/r/Aajmainekhaya/comments/1tjdaxh/bbq_nation_for_the_first_time/on0t5ab/
on1co2r,comment,Aajmainekhaya,orange_scam,1,2,13,2026-05-21,Thursday,2026-05,What changed?,https://www.reddit.com/r/Aajmainekhaya/comments/1tjdaxh/bbq_nation_for_the_first_time/on1co2r/
jfhgaff,comment,hyderabad,obscurial097,4,11,62,2023-04-08,Saturday,2023-04,Sahib's baaguntadi annaru ee sub lo anthaka mundu for Non Veg.,https://www.reddit.com/r/hyderabad/comments/12fuf9r/which_bbq_restaurant_would_u_suggestabsolute/jfhgaff/
jfhigfb,comment,hyderabad,kidnamedfinger1235,4,13,81,2023-04-08,Saturday,2023-04,All BBQ places have become overcrowding and filled with birthday parties so lite.,https://www.reddit.com/r/hyderabad/comments/12fuf9r/which_bbq_restaurant_would_u_suggestabsolute/jfhigfb/
jfhp1dn,comment,hyderabad,AkhilLL12,3,29,141,2023-04-08,Saturday,2023-04,"Now that we are on this topic, i want to ask whether anyone of u guys have tried the moti mahal bbq restaurant at gachibowli, is it any good?",https://www.reddit.com/r/hyderabad/comments/12fuf9r/which_bbq_restaurant_would_u_suggestabsolute/jfhp1dn/
jfivr19,comment,hyderabad,SwimmingActive793,3,7,29,2023-04-09,Sunday,2023-04,Bbq spice in Abids is ok too.,https://www.reddit.com/r/hyderabad/comments/12fuf9r/which_bbq_restaurant_would_u_suggestabsolute/jfivr19/
jfhbv61,comment,hyderabad,Accurate_Advantage70,3,23,121,2023-04-08,Saturday,2023-04,Don’t think so for 800 u get unlimited kebabs prawns and other starters and dishes..don’t kw wat made u say they r scam..,https://www.reddit.com/r/hyderabad/comments/12fuf9r/which_bbq_restaurant_would_u_suggestabsolute/jfhbv61/
kshguy9,comment,Visakhapatnam,frustrated-brain,4,10,52,2024-02-28,Wednesday,2024-02,"Not gone, it's has been cooked throughly in fire now",https://www.reddit.com/r/Visakhapatnam/comments/1b17egx/bbq_nation_gajuwaka_got_bbqed_in_a_fire_accident/kshguy9/
kscqcfk,comment,Visakhapatnam,Flight_Lowo,2,1,6,2024-02-27,Tuesday,2024-02,Lmaooo,https://www.reddit.com/r/Visakhapatnam/comments/1b17egx/bbq_nation_gajuwaka_got_bbqed_in_a_fire_accident/kscqcfk/
kscp163,comment,Visakhapatnam,Aak-paak-studios,8,4,22,2024-02-27,Tuesday,2024-02,When bro? Everyone ok?,https://www.reddit.com/r/Visakhapatnam/comments/1b17egx/bbq_nation_gajuwaka_got_bbqed_in_a_fire_accident/kscp163/
odogplf,comment,hyderabad,Automatic-Budget-976,102,36,194,2026-04-01,Wednesday,2026-04,"Guys, you should stop eating outside food.. My uncles used to run a mid range restaurant and I have seen the terrible things they do. My uncles themselves never used to eat at their restaurant 😂",https://www.reddit.com/r/hyderabad/comments/1s9hmfb/ubq_by_bbq_nation_order_felt_like_leftover_food/odogplf/
odp035e,comment,hyderabad,Unlucky-Tap-9041,18,34,174,2026-04-01,Wednesday,2026-04,"Guys, you should stop eating home cooked food. I saw a show about a real incident where a woman named Jolly would add cyanide in food and kill people. Never eat home food. /S",https://www.reddit.com/r/hyderabad/comments/1s9hmfb/ubq_by_bbq_nation_order_felt_like_leftover_food/odp035e/
odvebf4,comment,hyderabad,Automatic-Budget-976,1,6,32,2026-04-02,Thursday,2026-04,Hyporcrisy ki bhi seema hoti hai,https://www.reddit.com/r/hyderabad/comments/1s9hmfb/ubq_by_bbq_nation_order_felt_like_leftover_food/odvebf4/
odojmz3,comment,hyderabad,redditUser110099,1,6,33,2026-04-01,Wednesday,2026-04,What are those terrible things? 😶,https://www.reddit.com/r/hyderabad/comments/1s9hmfb/ubq_by_bbq_nation_order_felt_like_leftover_food/odojmz3/
odoq7oj,comment,hyderabad,TroubleMoney5935,24,50,303,2026-04-01,Wednesday,2026-04,Most restaurants in Hyderabad seem to fall into that pattern. Remember when Telangana’s food safety authorities started flagging so many places after Revanth came into power? I’m sure every single one of them followed the rules to the letter… and absolutely none of them tried to “smooth things over.” 😉,https://www.reddit.com/r/hyderabad/comments/1s9hmfb/ubq_by_bbq_nation_order_felt_like_leftover_food/odoq7oj/
odoc0v7,comment,hyderabad,uneasy_45,16,35,235,2026-04-01,Wednesday,2026-04,"Nuvvu inka baita nundi order pedte chala varaku leftover eh istharu...ipud inka Gas raatledu ane maata tho, alane store chesi istharu...inka strict laws raavali, antha kante em cheylemu. Godava padina em chesina, valu bokkale ankuntaru",https://www.reddit.com/r/hyderabad/comments/1s9hmfb/ubq_by_bbq_nation_order_felt_like_leftover_food/odoc0v7/
odocgpl,comment,hyderabad,redditUser110099,3,8,55,2026-04-01,Wednesday,2026-04,Sad! Laws vunna em labham mana officers panicheyyaruga!,https://www.reddit.com/r/hyderabad/comments/1s9hmfb/ubq_by_bbq_nation_order_felt_like_leftover_food/odocgpl/
odofd9l,comment,hyderabad,anu_1110,1,8,42,2026-04-01,Wednesday,2026-04,mana degara antha strict ekka unayi akka .,https://www.reddit.com/r/hyderabad/comments/1s9hmfb/ubq_by_bbq_nation_order_felt_like_leftover_food/odofd9l/
oa4dspy,comment,burgers,Key-Market3068,2,7,43,2026-03-12,Thursday,2026-03,Those Soldiers get Burgers Like that often.,https://www.reddit.com/r/burgers/comments/1rrdh9o/kshack_bbq_burger_at_valley_forge_national/oa4dspy/
ob1qjv7,comment,burgers,A_Texas_Hobo,1,1,4,2026-03-18,Wednesday,2026-03,Huh?,https://www.reddit.com/r/burgers/comments/1rrdh9o/kshack_bbq_burger_at_valley_forge_national/ob1qjv7/
o9yt2x6,comment,burgers,Key-Market3068,4,4,23,2026-03-12,Thursday,2026-03,Good Looking Burger 🍔!!,https://www.reddit.com/r/burgers/comments/1rrdh9o/kshack_bbq_burger_at_valley_forge_national/o9yt2x6/
o9yvvow,comment,burgers,Hot-Temporary-6946,3,8,41,2026-03-12,Thursday,2026-03,Sweet burger with a side of history sauce,https://www.reddit.com/r/burgers/comments/1rrdh9o/kshack_bbq_burger_at_valley_forge_national/o9yvvow/
oa26rhr,comment,burgers,MagazineDelicious151,2,5,27,2026-03-12,Thursday,2026-03,Looks like it was delicious,https://www.reddit.com/r/burgers/comments/1rrdh9o/kshack_bbq_burger_at_valley_forge_national/oa26rhr/
o9yvtr6,comment,burgers,alien-native,3,15,77,2026-03-12,Thursday,2026-03,This is the new Shake Shack burger right? How is it? It looks fucking awesome,https://www.reddit.com/r/burgers/comments/1rrdh9o/kshack_bbq_burger_at_valley_forge_national/o9yvtr6/
oa35yvp,comment,burgers,pixelsandfilm,1,40,195,2026-03-12,Thursday,2026-03,"I just had one for lunch. Pretty tasty. I would give it an 7.5/10 for a shack burger. Tasty, but not like blowing my mind. Which is a pretty good summary of Shake Shack now that I think about it.",https://www.reddit.com/r/burgers/comments/1rrdh9o/kshack_bbq_burger_at_valley_forge_national/oa35yvp/
oa2s81h,comment,burgers,Significant_Day_5988,1,11,42,2026-03-12,Thursday,2026-03,"Oh, I eat the hell out of that some ma gun",https://www.reddit.com/r/burgers/comments/1rrdh9o/kshack_bbq_burger_at_valley_forge_national/oa2s81h/
o9z65tj,comment,burgers,shaborgan,0,8,42,2026-03-12,Thursday,2026-03,Looks like 5 day old recycled green onions,https://www.reddit.com/r/burgers/comments/1rrdh9o/kshack_bbq_burger_at_valley_forge_national/o9z65tj/
t3_1uo636s,post,Aajmainekhaya,Emmie1236,106,6,28,2026-07-05,Sunday,2026-07,10/10 had this all by myself,https://www.reddit.com/r/Aajmainekhaya/comments/1uo636s/what_i_ordered_from_bbq_nation_today/
ovph0e4,comment,Aajmainekhaya,AutoModerator,1,78,534,2026-07-05,Sunday,2026-07,"Hi u/Emmie1236 Welcome to r/Aajmainekhaya! If you enjoy the discussions here, please consider joining the community using the **Join** button. It helps you stay updated with new posts and supports the growth of the subreddit. Before participating, please take a moment to read the [community rules]( We hope you enjoy your stay in r/Aajmainekhaya! *I am a bot, and this action was performed automatically. Please [contact the moderators of this subreddit](/message/compose/?to=/r/Aajmainekhaya) if you have any questions or concerns.*",https://www.reddit.com/r/Aajmainekhaya/comments/1uo636s/what_i_ordered_from_bbq_nation_today/ovph0e4/
ovplrp0,comment,Aajmainekhaya,dankdutta,8,5,22,2026-07-05,Sunday,2026-07,How much did this cost,https://www.reddit.com/r/Aajmainekhaya/comments/1uo636s/what_i_ordered_from_bbq_nation_today/ovplrp0/
ovpoh4y,comment,Aajmainekhaya,Emmie1236,2,5,22,2026-07-05,Sunday,2026-07,₹850 for non veg combo,https://www.reddit.com/r/Aajmainekhaya/comments/1uo636s/what_i_ordered_from_bbq_nation_today/ovpoh4y/
ovprpxu,comment,Aajmainekhaya,dankdutta,15,11,53,2026-07-05,Sunday,2026-07,You could've got a full non veg buffet in that price.,https://www.reddit.com/r/Aajmainekhaya/comments/1uo636s/what_i_ordered_from_bbq_nation_today/ovprpxu/
ovppj8o,comment,Aajmainekhaya,Emmie1236,3,25,140,2026-07-05,Sunday,2026-07,"Tbh I would prefer biryani blues over BBQ nation's biryani. The other dishes overpowers the flavor of biryani too much in this meal so, yeah",https://www.reddit.com/r/Aajmainekhaya/comments/1uo636s/what_i_ordered_from_bbq_nation_today/ovppj8o/
ovqfbmz,comment,Aajmainekhaya,vcxzdf,1,28,153,2026-07-05,Sunday,2026-07,"Bro thalairaj even on my death bed , best biryani out there , after this biryani blues... If you don't like spicy then biryani blues 1st and thalairaj...",https://www.reddit.com/r/Aajmainekhaya/comments/1uo636s/what_i_ordered_from_bbq_nation_today/ovqfbmz/
ovqsazu,comment,Aajmainekhaya,Powerful_Travel_6952,2,8,36,2026-07-05,Sunday,2026-07,Where are the prawns?? I love it lol,https://www.reddit.com/r/Aajmainekhaya/comments/1uo636s/what_i_ordered_from_bbq_nation_today/ovqsazu/
ovtmvgk,comment,Aajmainekhaya,icecoldpd,1,8,33,2026-07-06,Monday,2026-07,Look there in the side of 2nd box,https://www.reddit.com/r/Aajmainekhaya/comments/1uo636s/what_i_ordered_from_bbq_nation_today/ovtmvgk/
t3_1u82vhm,post,Bhopal,AloneManchild,1,18,80,2026-06-17,Wednesday,2026-06,Going all alone if anyone can join HMU Note: I'm 20 so only same age group dm me,https://www.reddit.com/r/Bhopal/comments/1u82vhm/going_bbq_nation_tomorrow_630pm_anyone_wanna_join/
osa4ga8,comment,Bhopal,AloneManchild,1,6,29,2026-06-17,Wednesday,2026-06,I'm going for veg buffet only,https://www.reddit.com/r/Bhopal/comments/1u82vhm/going_bbq_nation_tomorrow_630pm_anyone_wanna_join/osa4ga8/
os5zqde,comment,Bhopal,Huge_Canary_6200,1,7,28,2026-06-17,Wednesday,2026-06,How much for non veg ? 🥹🙂‍↔️,https://www.reddit.com/r/Bhopal/comments/1u82vhm/going_bbq_nation_tomorrow_630pm_anyone_wanna_join/os5zqde/
osa4i36,comment,Bhopal,AloneManchild,1,2,7,2026-06-17,Wednesday,2026-06,I'm veg,https://www.reddit.com/r/Bhopal/comments/1u82vhm/going_bbq_nation_tomorrow_630pm_anyone_wanna_join/osa4i36/
osb0ibl,comment,Bhopal,AloneManchild,1,4,20,2026-06-18,Thursday,2026-06,560rs at dinner time,https://www.reddit.com/r/Bhopal/comments/1u82vhm/going_bbq_nation_tomorrow_630pm_anyone_wanna_join/osb0ibl/
osb0nci,comment,Bhopal,AloneManchild,1,4,19,2026-06-18,Thursday,2026-06,360rs at lunch time,https://www.reddit.com/r/Bhopal/comments/1u82vhm/going_bbq_nation_tomorrow_630pm_anyone_wanna_join/osb0nci/
oscpmcy,comment,Bhopal,GrandAffectionate979,1,9,44,2026-06-18,Thursday,2026-06,"bro nowayy bbq nation , try pirates of grill",https://www.reddit.com/r/Bhopal/comments/1u82vhm/going_bbq_nation_tomorrow_630pm_anyone_wanna_join/oscpmcy/
otw2f10,comment,Bhopal,AloneManchild,1,3,13,2026-06-26,Friday,2026-06,Out of budget,https://www.reddit.com/r/Bhopal/comments/1u82vhm/going_bbq_nation_tomorrow_630pm_anyone_wanna_join/otw2f10/
t3_1t3aahg,post,Jamshedpur,Odd_Ad_8419,1,10,46,2026-05-04,Monday,2026-05,"BBQ Nation ka food review dedo koi, kal jana h",https://www.reddit.com/r/Jamshedpur/comments/1t3aahg/bbq_nation_food/
ot4dcdz,comment,IndianFoodPhotos,InnerIntent_11,3,16,79,2026-06-22,Monday,2026-06,"The Canjun Potato is soo yum. Being a non vegetarian, this still has my heart 😁",https://www.reddit.com/r/IndianFoodPhotos/comments/1uci90y/which_bbq_nation_starter_are_u_reaching_out_for/ot4dcdz/
ot47pmt,comment,IndianFoodPhotos,Suspicious-Sally-22,2,12,59,2026-06-22,Monday,2026-06,Uffffff.Now I have a strong urge to go to bbq nation alone.,https://www.reddit.com/r/IndianFoodPhotos/comments/1uci90y/which_bbq_nation_starter_are_u_reaching_out_for/ot47pmt/
ot48xbf,comment,IndianFoodPhotos,miti_east,1,11,64,2026-06-22,Monday,2026-06,Trust me eating alone is one of the most underrated experiences.,https://www.reddit.com/r/IndianFoodPhotos/comments/1uci90y/which_bbq_nation_starter_are_u_reaching_out_for/ot48xbf/
ot4oeh3,comment,IndianFoodPhotos,LazyShark124,2,1,6,2026-06-22,Monday,2026-06,Prawns,https://www.reddit.com/r/IndianFoodPhotos/comments/1uci90y/which_bbq_nation_starter_are_u_reaching_out_for/ot4oeh3/
ot4sv7z,comment,IndianFoodPhotos,shubham_555,2,4,19,2026-06-22,Monday,2026-06,Crispy Corn any day,https://www.reddit.com/r/IndianFoodPhotos/comments/1uci90y/which_bbq_nation_starter_are_u_reaching_out_for/ot4sv7z/
ot53mfx,comment,IndianFoodPhotos,G40Momo,2,5,28,2026-06-22,Monday,2026-06,Potatoes. Those are yummy af,https://www.reddit.com/r/IndianFoodPhotos/comments/1uci90y/which_bbq_nation_starter_are_u_reaching_out_for/ot53mfx/
ot4ifm0,comment,IndianFoodPhotos,Babe_Brute,1,37,215,2026-06-22,Monday,2026-06,Never been a buffet person and had a bad experience few months ago at Sunday brunch in a way more upmarket establishment (Marriott property) restaurant so doubt I'm visiting BBQ Nation in a jiffy. Never been though.,https://www.reddit.com/r/IndianFoodPhotos/comments/1uci90y/which_bbq_nation_starter_are_u_reaching_out_for/ot4ifm0/
ot4xt4t,comment,IndianFoodPhotos,kyoshi_warior,1,2,13,2026-06-22,Monday,2026-06,Chicken tikka,https://www.reddit.com/r/IndianFoodPhotos/comments/1uci90y/which_bbq_nation_starter_are_u_reaching_out_for/ot4xt4t/
ot9ccqf,comment,IndianFoodPhotos,lmao_what04,1,6,27,2026-06-23,Tuesday,2026-06,How much it cost per person,https://www.reddit.com/r/IndianFoodPhotos/comments/1uci90y/which_bbq_nation_starter_are_u_reaching_out_for/ot9ccqf/
ojtt4t3,comment,Jamshedpur,FitProgrammer8825,1,11,57,2026-05-04,Monday,2026-05,aap mujhe har jagah dikh jaate ho 🤓 are you omnipresent??,https://www.reddit.com/r/Jamshedpur/comments/1t3aahg/bbq_nation_food/ojtt4t3/
oju6rq4,comment,Jamshedpur,FitProgrammer8825,2,16,81,2026-05-04,Monday,2026-05,"Im sorry the sentence sounds wrong I meant to write ""to me you are omnipresent"" 😭",https://www.reddit.com/r/Jamshedpur/comments/1t3aahg/bbq_nation_food/oju6rq4/
ct327lo,comment,FoodPorn,morganeisenberg,38,260,1531,2015-07-14,Tuesday,2015-07,"Here's the recipe, from my post at Servings: 6 **Ingredients** 1 pound macaroni pasta 8 tablespoons unsalted butter 1 jalapeño, seeded, stemmed and chopped 1 small onion, sliced 3 drops Liquid Smoke, optional 1/2 cup all-purpose flour 3 3/4 cups whole milk 1 1/2 tablespoons kosher salt 2 cups (8 ounces) Wisconsin aged cheddar cheese, shredded 1 1/2 cups (6 ounces) Wisconsin smoked gouda cheese, shredded 1/2 cup barbeque sauce, plus more to top 1/4 teaspoon cayenne pepper 8 ounces chicken breasts, cooked and shredded cilantro green onion, sliced **Directions** Boil pasta until al dente in large pot of salted water. Drain pasta and set aside to dry. Return pot to stove and melt half of butter over moderate heat. Add in jalapeño and onion and cook, stirring occasionally, until onion is golden-brown and softened, about 15 minutes. Add 3-4 drops of liquid smoke and stir. Melt remaining butter with jalapeños and onions, then stir in flour, a bit at a time, until completely combined. Continue to stir until flour turns golden and onions and jalapeños are well-coated, about 2 minutes. Slowly stir in milk and continue to stir until sauce is thick enough to coat the back of a spoon. Mix in salt. A handful at a time, stir in cheddar and gouda, making sure each handful is melted entirely before adding in next. Add barbecue sauce and cayenne pepper and mix until well-combined. Remove from heat and add cooked pasta and chicken breast. Mix well. Garnish with cilantro and green onion and drizzle with BBQ sauce. Serve warm.",https://www.reddit.com/r/FoodPorn/comments/3d9oih/happy_national_mac_cheese_day_celebrate_with_some/ct327lo/
ct4plgj,comment,FoodPorn,ravenzephyr1,2,7,41,2015-07-15,Wednesday,2015-07,Thanks for the recipe! Looks wonderful :),https://www.reddit.com/r/FoodPorn/comments/3d9oih/happy_national_mac_cheese_day_celebrate_with_some/ct4plgj/
ct4prv6,comment,FoodPorn,morganeisenberg,1,1,7,2015-07-15,Wednesday,2015-07,Thanks!,https://www.reddit.com/r/FoodPorn/comments/3d9oih/happy_national_mac_cheese_day_celebrate_with_some/ct4prv6/
ct326a0,comment,FoodPorn,Grosswaffle,9,26,121,2015-07-14,Tuesday,2015-07,I didn't know you were saving this for Mac & Cheese Day... can you make it again for me so I can celebrate the right way?,https://www.reddit.com/r/FoodPorn/comments/3d9oih/happy_national_mac_cheese_day_celebrate_with_some/ct326a0/
ct32bs9,comment,FoodPorn,morganeisenberg,7,12,59,2015-07-14,Tuesday,2015-07,"If you were going to come down after work, I would. Alas...",https://www.reddit.com/r/FoodPorn/comments/3d9oih/happy_national_mac_cheese_day_celebrate_with_some/ct32bs9/
ct3oaba,comment,FoodPorn,wazzaa4u,8,15,85,2015-07-15,Wednesday,2015-07,who keeps coming up with these national days? Can tomorrow be national ass crack day?,https://www.reddit.com/r/FoodPorn/comments/3d9oih/happy_national_mac_cheese_day_celebrate_with_some/ct3oaba/
ct3rsf0,comment,FoodPorn,morganeisenberg,4,24,106,2015-07-15,Wednesday,2015-07,No idea who makes food holidays but it gives me an excuse to eat more stuff that I like so I roll with it.,https://www.reddit.com/r/FoodPorn/comments/3d9oih/happy_national_mac_cheese_day_celebrate_with_some/ct3rsf0/
ct38qkq,comment,FoodPorn,Tiopy,6,18,110,2015-07-14,Tuesday,2015-07,Looks amazing. Would you be willing to share the recipe?? I would totally make this tonight versus stroganoff!,https://www.reddit.com/r/FoodPorn/comments/3d9oih/happy_national_mac_cheese_day_celebrate_with_some/ct38qkq/
ct3bbu1,comment,FoodPorn,morganeisenberg,6,8,41,2015-07-14,Tuesday,2015-07,"Sure thing, it's up [in the comments]( =)",https://www.reddit.com/r/FoodPorn/comments/3d9oih/happy_national_mac_cheese_day_celebrate_with_some/ct3bbu1/
ct3ckuo,comment,FoodPorn,PM_ME_CORGI_PICS,5,17,90,2015-07-14,Tuesday,2015-07,"Seems to be deleted, any chance you could post it again? Would love to make this sometime.",https://www.reddit.com/r/FoodPorn/comments/3d9oih/happy_national_mac_cheese_day_celebrate_with_some/ct3ckuo/
t3_1ux6wh4,post,bangalorefoodies,fukinggghell,14,42,214,2026-07-15,Wednesday,2026-07,"Had a lot of fun, I think Bengaluru bbq nations are best I ate at all the bbq nation, nation wide. Their desserts and salad were great. And great chicken drumstick. I got a coupon and if anyone is interested, DM me",https://www.reddit.com/r/bangalorefoodies/comments/1ux6wh4/i_went_to_bengaluru_bbq_nation_buffet_today_and/
oxovc01,comment,bangalorefoodies,Guilty-Gold1815,17,7,29,2026-07-15,Wednesday,2026-07,Is this like a rage bait? Lol,https://www.reddit.com/r/bangalorefoodies/comments/1ux6wh4/i_went_to_bengaluru_bbq_nation_buffet_today_and/oxovc01/
oxpw9oe,comment,bangalorefoodies,fukinggghell,-2,2,8,2026-07-15,Wednesday,2026-07,lol why?,https://www.reddit.com/r/bangalorefoodies/comments/1ux6wh4/i_went_to_bengaluru_bbq_nation_buffet_today_and/oxpw9oe/
oxp1zz3,comment,bangalorefoodies,Admirable_Name786,5,5,20,2026-07-15,Wednesday,2026-07,Did u eat veg buffet,https://www.reddit.com/r/bangalorefoodies/comments/1ux6wh4/i_went_to_bengaluru_bbq_nation_buffet_today_and/oxp1zz3/
oxpw8dk,comment,bangalorefoodies,fukinggghell,1,2,7,2026-07-15,Wednesday,2026-07,Non veg,https://www.reddit.com/r/bangalorefoodies/comments/1ux6wh4/i_went_to_bengaluru_bbq_nation_buffet_today_and/oxpw8dk/
oxtef9k,comment,bangalorefoodies,dr_wafu,4,18,109,2026-07-16,Thursday,2026-07,First time I'm getting a recommendation to go to BBQ nation (or any restaurant)for their salads and desserts.,https://www.reddit.com/r/bangalorefoodies/comments/1ux6wh4/i_went_to_bengaluru_bbq_nation_buffet_today_and/oxtef9k/
oxp5xep,comment,bangalorefoodies,BoredGuy_v2,2,16,94,2026-07-15,Wednesday,2026-07,They didn't deliver my order last week which eventually got cancelled becouse lot of time went,https://www.reddit.com/r/bangalorefoodies/comments/1ux6wh4/i_went_to_bengaluru_bbq_nation_buffet_today_and/oxp5xep/
oxqfbdh,comment,bangalorefoodies,Comprehensive_Cut544,2,6,37,2026-07-15,Wednesday,2026-07,Damn I forgot barbecue nation existed,https://www.reddit.com/r/bangalorefoodies/comments/1ux6wh4/i_went_to_bengaluru_bbq_nation_buffet_today_and/oxqfbdh/
oxrvedu,comment,bangalorefoodies,Traditional-One813,2,12,63,2026-07-15,Wednesday,2026-07,I thought they are losing business and might have closed by now,https://www.reddit.com/r/bangalorefoodies/comments/1ux6wh4/i_went_to_bengaluru_bbq_nation_buffet_today_and/oxrvedu/
oxsjxgh,comment,bangalorefoodies,ImaginationOk9963,1,28,143,2026-07-16,Thursday,2026-07,You’re soo wrong… The Koramangala one was super crowded and walk ins were sent back and the reserved had to wait upto 20 minutes to get a seat.,https://www.reddit.com/r/bangalorefoodies/comments/1ux6wh4/i_went_to_bengaluru_bbq_nation_buffet_today_and/oxsjxgh/
oxomhij,comment,bangalorefoodies,AutoModerator,1,51,355,2026-07-15,Wednesday,2026-07,"Welcome to the Bangalore Foodies community. We're glad you're here. Please take a moment to read our [Guidelines]( to help make this a great experience for everyone. *I am a bot, and this action was performed automatically. Please [contact the moderators of this subreddit](/message/compose/?to=/r/bangalorefoodies) if you have any questions or concerns.*",https://www.reddit.com/r/bangalorefoodies/comments/1ux6wh4/i_went_to_bengaluru_bbq_nation_buffet_today_and/oxomhij/
t3_1ux6v7j,post,Bengaluru,fukinggghell,5,42,214,2026-07-15,Wednesday,2026-07,"Had a lot of fun, I think Bengaluru bbq nations are best I ate at all the bbq nation, nation wide. Their desserts and salad were great. And great chicken drumstick. I got a coupon and if anyone is interested, DM me",https://www.reddit.com/r/Bengaluru/comments/1ux6v7j/i_went_to_bengaluru_bbq_nation_today_and_it_was_a/
oyncugm,comment,Bengaluru,wohnjick0703,1,7,33,2026-07-20,Monday,2026-07,Yo what's the coupon? Can you DM?,https://www.reddit.com/r/Bengaluru/comments/1ux6v7j/i_went_to_bengaluru_bbq_nation_today_and_it_was_a/oyncugm/
om6o9m5,comment,1200isplenty,areddituserc,14,31,177,2026-05-16,Saturday,2026-05,Unrelated but every time I see this I get reminded of the thread about national tuna day where apparently you're supposed to be saving the tunas not eating their delicious flesh,https://www.reddit.com/r/1200isplenty/comments/1tf2zo8/happy_national_bbq_day_here_are_some_lower_cal/om6o9m5/
om6reut,comment,1200isplenty,Queasy_Dingo_8262,5,2,5,2026-05-16,Saturday,2026-05,lol 😭,https://www.reddit.com/r/1200isplenty/comments/1tf2zo8/happy_national_bbq_day_here_are_some_lower_cal/om6reut/
om6rxky,comment,1200isplenty,Mindless-Meaning-878,2,9,53,2026-05-16,Saturday,2026-05,lol. Today you’re supposed to be saving these babies.,https://www.reddit.com/r/1200isplenty/comments/1tf2zo8/happy_national_bbq_day_here_are_some_lower_cal/om6rxky/
om79vak,comment,1200isplenty,DNorthman,3,13,61,2026-05-16,Saturday,2026-05,Honey BBQ tuna? I never knew such a combo existed. How is it?,https://www.reddit.com/r/1200isplenty/comments/1tf2zo8/happy_national_bbq_day_here_are_some_lower_cal/om79vak/
om7bkzw,comment,1200isplenty,Queasy_Dingo_8262,3,6,28,2026-05-16,Saturday,2026-05,Very good! Kind of sweet tho,https://www.reddit.com/r/1200isplenty/comments/1tf2zo8/happy_national_bbq_day_here_are_some_lower_cal/om7bkzw/
om6s3jk,comment,1200isplenty,Mindless-Meaning-878,2,15,75,2026-05-16,Saturday,2026-05,How much time did you spend on this lol? I’m impressed! Love many of these.,https://www.reddit.com/r/1200isplenty/comments/1tf2zo8/happy_national_bbq_day_here_are_some_lower_cal/om6s3jk/
om7mh2g,comment,1200isplenty,darkbladetrey,2,24,121,2026-05-16,Saturday,2026-05,Those morning star ribs. I swear I haven’t seen them in years lol. Sometimes maybe on and off? A mythical meal. I love it,https://www.reddit.com/r/1200isplenty/comments/1tf2zo8/happy_national_bbq_day_here_are_some_lower_cal/om7mh2g/
om8filw,comment,1200isplenty,Queasy_Dingo_8262,1,9,41,2026-05-17,Sunday,2026-05,They have them at my wegmans all the time,https://www.reddit.com/r/1200isplenty/comments/1tf2zo8/happy_national_bbq_day_here_are_some_lower_cal/om8filw/
om9089l,comment,1200isplenty,PortraitofMmeX,1,16,70,2026-05-17,Sunday,2026-05,That sugar free bbq sauce on air fried tofu with eggs is a fav of mine,https://www.reddit.com/r/1200isplenty/comments/1tf2zo8/happy_national_bbq_day_here_are_some_lower_cal/om9089l/
omajwr8,comment,1200isplenty,Josh-Baskin,1,27,140,2026-05-17,Sunday,2026-05,Natures Own Keto Hot Dog Rolls - 60 calories Hebrew National 97% Fat Free Hot Dogs - 45 Calories 105 calories for the combo feels crazy low.,https://www.reddit.com/r/1200isplenty/comments/1tf2zo8/happy_national_bbq_day_here_are_some_lower_cal/omajwr8/
t3_1rh0ng8,post,Indore,Choice_Carpet_2596,4,3,13,2026-02-28,Saturday,2026-02,Same as title,https://www.reddit.com/r/Indore/comments/1rh0ng8/anyone_up_for_dinner_today_at_bbq_nation/
lzoqs86,comment,IndianFoodPhotos,anonymousthrashcan,3,9,46,2024-11-30,Saturday,2024-11,They sadly didn't have gulab jamum this time 💔,https://www.reddit.com/r/IndianFoodPhotos/comments/1h37wnn/two_of_the_best_things_at_bbq_nation/lzoqs86/
lzor0op,comment,IndianFoodPhotos,[deleted],5,9,40,2024-11-30,Saturday,2024-11,Oh damn. Have this from my side then lol,https://www.reddit.com/r/IndianFoodPhotos/comments/1h37wnn/two_of_the_best_things_at_bbq_nation/lzor0op/
lzorsqw,comment,IndianFoodPhotos,krish-garg6306,16,8,53,2024-11-30,Saturday,2024-11,"Are we forgetting chicken tikka, mutton kebab, wings?",https://www.reddit.com/r/IndianFoodPhotos/comments/1h37wnn/two_of_the_best_things_at_bbq_nation/lzorsqw/
lzp9131,comment,IndianFoodPhotos,awhitesong,8,10,73,2024-11-30,Saturday,2024-11,Bro. Shrimp. Fish. Chicken kebab. Spicy Pineapple. Mushrooms. Kulfi paan.,https://www.reddit.com/r/IndianFoodPhotos/comments/1h37wnn/two_of_the_best_things_at_bbq_nation/lzp9131/
lzpb29x,comment,IndianFoodPhotos,Realistic_Rise_4805,4,4,21,2024-11-30,Saturday,2024-11,Kulfi paan is delish.,https://www.reddit.com/r/IndianFoodPhotos/comments/1h37wnn/two_of_the_best_things_at_bbq_nation/lzpb29x/
lzp165o,comment,IndianFoodPhotos,dipunair,8,12,73,2024-11-30,Saturday,2024-11,Crispy fried corn & Cajun Potato! Cajun will suppress your appetite thou!,https://www.reddit.com/r/IndianFoodPhotos/comments/1h37wnn/two_of_the_best_things_at_bbq_nation/lzp165o/
lzost56,comment,IndianFoodPhotos,Front_Juice6614,4,4,23,2024-11-30,Saturday,2024-11,Someone finally said it,https://www.reddit.com/r/IndianFoodPhotos/comments/1h37wnn/two_of_the_best_things_at_bbq_nation/lzost56/
lzoy3hp,comment,IndianFoodPhotos,jabulani_0909,5,18,132,2024-11-30,Saturday,2024-11,Couldn't agree more..tried making both at home..not even close...tried at other buffet restaurants and parties..none can come close.,https://www.reddit.com/r/IndianFoodPhotos/comments/1h37wnn/two_of_the_best_things_at_bbq_nation/lzoy3hp/
lzotk0l,comment,IndianFoodPhotos,Kamaboko_Gonpachirro,3,12,60,2024-11-30,Saturday,2024-11,I love to dip their Gulab jamuns in the Phirni awesome combo,https://www.reddit.com/r/IndianFoodPhotos/comments/1h37wnn/two_of_the_best_things_at_bbq_nation/lzotk0l/
oqgg0gx,comment,BBQ,Gold_Squirrel5386,1,1,10,2026-06-08,Monday,2026-06,🤷🏻‍♂️🤷🏻‍♂️,https://www.reddit.com/r/BBQ/comments/1tzzk22/bbq_nation/oqgg0gx/
oqg5en3,comment,BBQ,Usual_Ad_9161,1,3,21,2026-06-08,Monday,2026-06,Safeway Chinese food?,https://www.reddit.com/r/BBQ/comments/1tzzk22/bbq_nation/oqg5en3/
oqgfyui,comment,BBQ,Gold_Squirrel5386,1,2,7,2026-06-08,Monday,2026-06,Kind of,https://www.reddit.com/r/BBQ/comments/1tzzk22/bbq_nation/oqgfyui/
om6bezr,comment,foodquestions,EqualRoss,12,25,135,2026-05-16,Saturday,2026-05,So your favorite things at a bbq are things the bbq was not used to prepare…not judging btw everyone has a choice. Just an observation.,https://www.reddit.com/r/foodquestions/comments/1tf1njs/happy_national_barbecue_day_what_are_your/om6bezr/
om6dlwl,comment,foodquestions,Perle1234,3,6,33,2026-05-16,Saturday,2026-05,They must be vegetarian or vegan.,https://www.reddit.com/r/foodquestions/comments/1tf1njs/happy_national_barbecue_day_what_are_your/om6dlwl/
om6ayhz,comment,foodquestions,rgbkng,6,20,116,2026-05-16,Saturday,2026-05,"For bbq my favs are brisket, picana, ribs, and pork. For grilling nothing beats a good hotdog, chicken, or hamburger",https://www.reddit.com/r/foodquestions/comments/1tf1njs/happy_national_barbecue_day_what_are_your/om6ayhz/
om6c14b,comment,foodquestions,AccomplishedLine9351,3,15,88,2026-05-16,Saturday,2026-05,"Red skin potato salad, baked beans, deviled eggs, cole slaw, crispy chips all of them...",https://www.reddit.com/r/foodquestions/comments/1tf1njs/happy_national_barbecue_day_what_are_your/om6c14b/
om6doef,comment,foodquestions,Perle1234,3,7,36,2026-05-16,Saturday,2026-05,Mainly all the “no thanks” items lol,https://www.reddit.com/r/foodquestions/comments/1tf1njs/happy_national_barbecue_day_what_are_your/om6doef/
om6e7wv,comment,foodquestions,tattedNsassy7,3,6,39,2026-05-16,Saturday,2026-05,Smoked brisket and smoked pulled pork..,https://www.reddit.com/r/foodquestions/comments/1tf1njs/happy_national_barbecue_day_what_are_your/om6e7wv/
om6dta2,comment,foodquestions,Yd1891,2,2,10,2026-05-16,Saturday,2026-05,Otter pops,https://www.reddit.com/r/foodquestions/comments/1tf1njs/happy_national_barbecue_day_what_are_your/om6dta2/
om6gpg5,comment,foodquestions,NOLA-VeeRAD,0,3,13,2026-05-16,Saturday,2026-05,👆 That’s bait,https://www.reddit.com/r/foodquestions/comments/1tf1njs/happy_national_barbecue_day_what_are_your/om6gpg5/
om6kcyb,comment,foodquestions,jgollsneid,1,4,11,2026-05-16,Saturday,2026-05,Or OP is 11,https://www.reddit.com/r/foodquestions/comments/1tf1njs/happy_national_barbecue_day_what_are_your/om6kcyb/
om6pexh,comment,foodquestions,ruinsofsilver,1,44,265,2026-05-16,Saturday,2026-05,"some of mine are pretty similar to yours. mac n cheese, devilled eggs, key lime pie, corn on the cob, baked beans, potato salad, banana pudding, jalapeno cornbread with honey butter. i also really enjoy fresh and grilled summer fruits like pineapple and watermelon.",https://www.reddit.com/r/foodquestions/comments/1tf1njs/happy_national_barbecue_day_what_are_your/om6pexh/
t3_1t8cukx,post,gurgaon,PapaAgyeDelhi,0,29,145,2026-05-09,Saturday,2026-05,"I want to take my friend for my Result success party. I had a confusion ,Which one is to be preferred? You can also suggest me some other buffet.",https://www.reddit.com/r/gurgaon/comments/1t8cukx/bbq_nation_vs_bbq_company/
okvqpyk,comment,gurgaon,TheFitSyntaxx,4,7,34,2026-05-09,Saturday,2026-05,Isme ai picture ki kya zarurat ti?,https://www.reddit.com/r/gurgaon/comments/1t8cukx/bbq_nation_vs_bbq_company/okvqpyk/
okvkcok,comment,gurgaon,ibu__hatela,2,4,19,2026-05-09,Saturday,2026-05,I liked BBQ company,https://www.reddit.com/r/gurgaon/comments/1t8cukx/bbq_nation_vs_bbq_company/okvkcok/
okvj07j,comment,gurgaon,vishesh_1987,0,4,23,2026-05-09,Saturday,2026-05,Barbeque company is bad,https://www.reddit.com/r/gurgaon/comments/1t8cukx/bbq_nation_vs_bbq_company/okvj07j/
t3_1lcsr0q,post,BBQ,Patient-Author-2960,81,71,386,2025-06-16,Monday,2025-06,"Total rip-off, $50 to stand in line for a rib bone or a shaving of meat. Had to wait 45-55 minutes in line at each of the 4 places giving ""included live fire samples"". Absolutely not enough places serving samples at all. Based on the description of the event we were expecting included wine and beer tasting. This was incorrect. We still had to pay for drinks. 1/10 would not recommend.",https://www.reddit.com/r/BBQ/comments/1lcsr0q/anyone_else_attend_the_train_wreck_national_bbq/
my34vk8,comment,BBQ,[deleted],6,21,108,2025-06-16,Monday,2025-06,"For sure. Have gone to many ""Blues and BBQ"" type events over the years and they are definitely not worth it.",https://www.reddit.com/r/BBQ/comments/1lcsr0q/anyone_else_attend_the_train_wreck_national_bbq/my34vk8/
my4dyc5,comment,BBQ,anarrowview,2,6,42,2025-06-16,Monday,2025-06,Agreed unless it’s a hyper-local festival.,https://www.reddit.com/r/BBQ/comments/1lcsr0q/anyone_else_attend_the_train_wreck_national_bbq/my4dyc5/
my38v02,comment,BBQ,Rumblarr,3,61,304,2025-06-16,Monday,2025-06,"The majority are, but I was at one in my small town last week that was jam packed with people and my family was stuffed to the hills in about half an hour. Admission was $20 also. Longest line was about five minutes, most booths didn't have a line. One of the few perks of being in the middle of nowhere.",https://www.reddit.com/r/BBQ/comments/1lcsr0q/anyone_else_attend_the_train_wreck_national_bbq/my38v02/
my64spt,comment,BBQ,xxartbqxx,1,11,59,2025-06-16,Monday,2025-06,Agreed. Panda Fest was the last for me. Complete screw job.,https://www.reddit.com/r/BBQ/comments/1lcsr0q/anyone_else_attend_the_train_wreck_national_bbq/my64spt/
my3fcxu,comment,BBQ,amortized-poultry,1,30,180,2025-06-16,Monday,2025-06,Any chance you're reasonable driving distance from. Virginia and wouldn't mind sharing the name of this festival? I have a friend who might be interested when it happens next year.,https://www.reddit.com/r/BBQ/comments/1lcsr0q/anyone_else_attend_the_train_wreck_national_bbq/my3fcxu/
my2w2gv,comment,BBQ,Simple-Purpose-899,57,19,93,2025-06-16,Monday,2025-06,"All food fests are like this. They sell all you can eat, and then don't expect anyone to eat.",https://www.reddit.com/r/BBQ/comments/1lcsr0q/anyone_else_attend_the_train_wreck_national_bbq/my2w2gv/
my2xdwg,comment,BBQ,The_DaHowie,13,30,183,2025-06-16,Monday,2025-06,"Rib Fest, in downtown Minneapolis, when sponsored by Northwest Airlines, was Great The even booked excellent bands It helped that I lived 3 blocks away Nowadays food fest are terrible",https://www.reddit.com/r/BBQ/comments/1lcsr0q/anyone_else_attend_the_train_wreck_national_bbq/my2xdwg/
my2wxrk,comment,BBQ,PurpleZebra99,26,22,91,2025-06-16,Monday,2025-06,"All you can eat as long as it’s one bite at a time, waiting in a 30 min line for each bite.",https://www.reddit.com/r/BBQ/comments/1lcsr0q/anyone_else_attend_the_train_wreck_national_bbq/my2wxrk/
my34zwx,comment,BBQ,[deleted],3,11,54,2025-06-16,Monday,2025-06,All you can eat... But there's just not much to eat...,https://www.reddit.com/r/BBQ/comments/1lcsr0q/anyone_else_attend_the_train_wreck_national_bbq/my34zwx/
t3_1u35n36,post,Zomato,Slow_Firefighter_405,0,58,303,2026-06-11,Thursday,2026-06,"There was a save food flash offer on zomato for chicken biriyani from BBQ nation When I got the food I think the chicken was already ""saved"" before the offer has been sent out or maybe the chicken was saved from being slaughtered. they just amputated the top of its wings and was let to live another day",https://www.reddit.com/r/Zomato/comments/1u35n36/ordered_chicken_biriyani_from_bbq_nation_under/
ordhfk6,comment,Zomato,Slow_Firefighter_405,1,1,6,2026-06-13,Saturday,2026-06,Yes...,https://www.reddit.com/r/Zomato/comments/1u35n36/ordered_chicken_biriyani_from_bbq_nation_under/ordhfk6/
opxn9ux,comment,MaaOoriVanta,Gold_Squirrel5386,1,6,32,2026-06-05,Friday,2026-06,Never tried duck wanna try soon😁,https://www.reddit.com/r/MaaOoriVanta/comments/1txpwe7/bbq_nation/opxn9ux/
t3_1nvx998,post,pune,Willing_Switch_8213,75,15,79,2025-10-02,Thursday,2025-10,Friday dinner buffet at bbq nation at ₹450??? is this legit??? i don’t think so,https://www.reddit.com/r/pune/comments/1nvx998/is_this_legit_bbq_nation_westend_mall_aundh/
nhbttro,comment,pune,PleasantRace4794,56,24,116,2025-10-02,Thursday,2025-10,"Fri Sat sun there is a different rate as shown in the image. So I am sure, everyday here comes with *, please check.",https://www.reddit.com/r/pune/comments/1nvx998/is_this_legit_bbq_nation_westend_mall_aundh/nhbttro/
nhc8ou0,comment,pune,Panda-768,8,17,80,2025-10-02,Thursday,2025-10,"look just under it, it clearly says Sun fri and Sat everyday is rest of the week",https://www.reddit.com/r/pune/comments/1nvx998/is_this_legit_bbq_nation_westend_mall_aundh/nhc8ou0/
ojcu7qo,comment,DubaiMallus,Certain-Dress9763,1,2,18,2026-05-01,Friday,2026-05,Lalqila restaurant,https://www.reddit.com/r/DubaiMallus/comments/1syt1gm/bbq_nation_buffet_bday_party/ojcu7qo/
oj7dvs5,comment,DubaiMallus,UniqueCriticism2601,1,41,215,2026-04-30,Thursday,2026-04,BBQ nation @ sharjah central is 76 with out vat for dinner in week days. Bday person on same day gets free entry if you bring atleast 3 person. It eas decent experience i went for party there yesterday. Not crowded.,https://www.reddit.com/r/DubaiMallus/comments/1syt1gm/bbq_nation_buffet_bday_party/oj7dvs5/
oj49pao,comment,DubaiMallus,TurbulentSurprise609,1,28,162,2026-04-30,Thursday,2026-04,"Bro, check out Cobone or Groupon. They’ve got plenty of buffet deals with different pricing. You can choose based on whether you want breakfast / lunch or dinner.",https://www.reddit.com/r/DubaiMallus/comments/1syt1gm/bbq_nation_buffet_bday_party/oj49pao/
oiz9qfz,comment,DubaiMallus,amg63-dreamer,2,23,115,2026-04-29,Wednesday,2026-04,BBQ nation food is really below average when we visit couple of months back. Also too crowded with a lot of noise .,https://www.reddit.com/r/DubaiMallus/comments/1syt1gm/bbq_nation_buffet_bday_party/oiz9qfz/
oiwsr07,comment,DubaiMallus,ADSavy,2,11,58,2026-04-29,Wednesday,2026-04,BBQ Nation have special price now Weekday 59 & weekends 69,https://www.reddit.com/r/DubaiMallus/comments/1syt1gm/bbq_nation_buffet_bday_party/oiwsr07/
oiwuy06,comment,DubaiMallus,Large_Skin4631,1,14,79,2026-04-29,Wednesday,2026-04,Which location?i just called DSO branch they told its 94 per person on weekends,https://www.reddit.com/r/DubaiMallus/comments/1syt1gm/bbq_nation_buffet_bday_party/oiwuy06/
oiwq3rw,comment,DubaiMallus,sakhavk,1,24,185,2026-04-29,Wednesday,2026-04,absolute barbecues dinner aanengi 89+ aanu weekendil. deira city centrinte aduthayi oru branch und.. table munkooti book cheyyam. [avarude websitil kayariyal kooduthal details kittum.](,https://www.reddit.com/r/DubaiMallus/comments/1syt1gm/bbq_nation_buffet_bday_party/oiwq3rw/
oj0imqq,comment,DubaiMallus,Important_Law_780,1,6,36,2026-04-29,Wednesday,2026-04,Absolute bbq nte quality ippo koranj,https://www.reddit.com/r/DubaiMallus/comments/1syt1gm/bbq_nation_buffet_bday_party/oj0imqq/
oiwllrf,comment,DubaiMallus,StillLearningLife-1,3,24,118,2026-04-29,Wednesday,2026-04,It was 65 per person on weekdays and 85 on weekends. I am not 100% sure. Just call their branch to confirm and reserve,https://www.reddit.com/r/DubaiMallus/comments/1syt1gm/bbq_nation_buffet_bday_party/oiwllrf/
t3_1qhxrz0,post,pune,elonmusk_ka_chacha,7,118,658,2026-01-20,Tuesday,2026-01,"Hey Punekars 👋 It’s my birthday tomorrow 🎂 and I’m planning to go to BBQ Nation. I’m pure veg, so I wanted honest opinions from people here. Which BBQ Nation outlet near Hinjewadi, Wakad, or within 5–10 km from Hinjewadi would you recommend for: Best veg food options Taste and variety Service and overall experience Also, a few things I’d love to know: Is BBQ Nation actually worth it for pure veg people? Any must-try veg items I should not miss? Best time/day to go to avoid too much rush Anything I should keep in mind since it’s a birthday visit? Looking forward to celebrating with good food, so your suggestions will really help. Thanks in advance! 🙌🎉",https://www.reddit.com/r/pune/comments/1qhxrz0/going_to_bbq_nation_for_first_time_which_one_is/
t3_1tn9or2,post,pune,Handy_Hemlock77,2,54,276,2026-05-25,Monday,2026-05,"We're planning a hangout in BBQN wakad. I'm very confused about the pricing. The vegetarian price is around 600. How much would the total be after taxes and all, per person, if there are 5 of us? (I know many people feel it isn't worth it and all, but we've made up our minds)",https://www.reddit.com/r/pune/comments/1tn9or2/bbq_nation/
o0n8odm,comment,pune,Large-Rabbit-4491,18,19,92,2026-01-20,Tuesday,2026-01,"I am non vegetarian, I would suggest dont go as a pure veg person, but for nonveg its heaven",https://www.reddit.com/r/pune/comments/1qhxrz0/going_to_bbq_nation_for_first_time_which_one_is/o0n8odm/
o0n9ari,comment,pune,PositiveParking819,11,20,101,2026-01-20,Tuesday,2026-01,If you tell them it's your birthday they'll provide a cake.. but for pure Veg it's a waste of money..,https://www.reddit.com/r/pune/comments/1qhxrz0/going_to_bbq_nation_for_first_time_which_one_is/o0n9ari/
o0n9xan,comment,pune,PositiveParking819,2,3,20,2026-01-20,Tuesday,2026-01,850+taxes I guess...,https://www.reddit.com/r/pune/comments/1qhxrz0/going_to_bbq_nation_for_first_time_which_one_is/o0n9xan/
o0ncxmq,comment,pune,[deleted],2,11,59,2026-01-20,Tuesday,2026-01,It's a waste of money for pure veg and totally unhygienic!!,https://www.reddit.com/r/pune/comments/1qhxrz0/going_to_bbq_nation_for_first_time_which_one_is/o0ncxmq/
o0ornp0,comment,pune,AnujKulkarni,3,7,28,2026-01-20,Tuesday,2026-01,Food quality wise AB < BBQ N,https://www.reddit.com/r/pune/comments/1qhxrz0/going_to_bbq_nation_for_first_time_which_one_is/o0ornp0/
o0nhtc3,comment,pune,elonmusk_ka_chacha,1,27,122,2026-01-20,Tuesday,2026-01,"I saw ab's menu it says to book table for only 599 . Is that really the real price, or there will be extra charge for food",https://www.reddit.com/r/pune/comments/1qhxrz0/going_to_bbq_nation_for_first_time_which_one_is/o0nhtc3/
onsem3l,comment,pune,Illustrious_Role_304,2,4,21,2026-05-25,Monday,2026-05,better ask at counter,https://www.reddit.com/r/pune/comments/1tn9or2/bbq_nation/onsem3l/
oo2c6x2,comment,pune,santrupt1994,1,27,132,2026-05-26,Tuesday,2026-05,"I have checked the Barbecue Nation website, it says Rs. 899 per person + taxes. If it's 5 people then it will cost Rs. 4495 + taxes.",https://www.reddit.com/r/pune/comments/1tn9or2/bbq_nation/oo2c6x2/
t3_1u76owp,post,kalyan_dombivli,Excellent-Pie-3846,4,11,71,2026-06-16,Tuesday,2026-06,What's the difference between these 2 offers?? Food mei any difference?,https://www.reddit.com/r/kalyan_dombivli/comments/1u76owp/bbq_nation_xperia/
os8ef01,comment,kalyan_dombivli,No-Shirt-2185,2,39,206,2026-06-17,Wednesday,2026-06,You get only 4 starters in cheap one and also need to pay for water bottles. Also limited main course without kulfi. Did tasted awful when u went.i complained and was given free meal upgrade on next visit .,https://www.reddit.com/r/kalyan_dombivli/comments/1u76owp/bbq_nation_xperia/os8ef01/
orxyitj,comment,kalyan_dombivli,NebulouslyKeen,1,22,116,2026-06-16,Tuesday,2026-06,"Others might know better, but I think with the cheaper option you won’t get on table BBQ, just what’s in the buffet.",https://www.reddit.com/r/kalyan_dombivli/comments/1u76owp/bbq_nation_xperia/orxyitj/
orzlgr7,comment,kalyan_dombivli,Excellent-Pie-3846,1,3,8,2026-06-16,Tuesday,2026-06,Oh is it,https://www.reddit.com/r/kalyan_dombivli/comments/1u76owp/bbq_nation_xperia/orzlgr7/
oryfe5i,comment,kalyan_dombivli,Abhir-86,0,2,12,2026-06-16,Tuesday,2026-06,Try r/mumbai,https://www.reddit.com/r/kalyan_dombivli/comments/1u76owp/bbq_nation_xperia/oryfe5i/
om6ln90,comment,snacking,Think-Tie5943,8,4,22,2026-05-16,Saturday,2026-05,Honey bbq frito twists,https://www.reddit.com/r/snacking/comments/1tf33qh/happy_national_bbq_day_what_are_your_favorite_bbq/om6ln90/
om7eva2,comment,snacking,FridgeFucker17982,1,11,71,2026-05-16,Saturday,2026-05,These were shockingly good. Couldn’t stop myself from finishing the bag,https://www.reddit.com/r/snacking/comments/1tf33qh/happy_national_bbq_day_what_are_your_favorite_bbq/om7eva2/
om6mvww,comment,snacking,shortRenae,4,16,85,2026-05-16,Saturday,2026-05,I actually really like BBQ Doritos! Dipped in ranch or sour cream for a little treat.,https://www.reddit.com/r/snacking/comments/1tf33qh/happy_national_bbq_day_what_are_your_favorite_bbq/om6mvww/
om8u727,comment,snacking,Emergency-Box-5719,2,4,31,2026-05-17,Sunday,2026-05,These. *For freaking evahhhhh.*,https://www.reddit.com/r/snacking/comments/1tf33qh/happy_national_bbq_day_what_are_your_favorite_bbq/om8u727/
om6n6p9,comment,snacking,obsessivelizbeth,1,2,11,2026-05-16,Saturday,2026-05,Ruffles bbq,https://www.reddit.com/r/snacking/comments/1tf33qh/happy_national_bbq_day_what_are_your_favorite_bbq/om6n6p9/
om7jfnf,comment,snacking,Sensitive_Regular_84,1,7,33,2026-05-16,Saturday,2026-05,Lays BBQ chips or the Doritos BBQ,https://www.reddit.com/r/snacking/comments/1tf33qh/happy_national_bbq_day_what_are_your_favorite_bbq/om7jfnf/
om8eck6,comment,snacking,masson34,1,4,27,2026-05-17,Sunday,2026-05,Bieno bbq roasted chickpeas,https://www.reddit.com/r/snacking/comments/1tf33qh/happy_national_bbq_day_what_are_your_favorite_bbq/om8eck6/
om9c1m2,comment,snacking,Possible-Detail2441,1,7,38,2026-05-17,Sunday,2026-05,Bbq Doritos or honey bbq Fritos twists,https://www.reddit.com/r/snacking/comments/1tf33qh/happy_national_bbq_day_what_are_your_favorite_bbq/om9c1m2/
t3_1sakhea,post,Patna,Live_Ostrich_6668,5,18,114,2026-04-02,Thursday,2026-04,"In terms of ambience, value for money and overall food quality? First hand experiences would be highly appreciated",https://www.reddit.com/r/Patna/comments/1sakhea/pirates_of_grill_vs_bbq_nation_which_is_the_best/
odwj8cl,comment,Patna,Mysterious_Guava3663,3,4,21,2026-04-02,Thursday,2026-04,Pirates of grill 100%,https://www.reddit.com/r/Patna/comments/1sakhea/pirates_of_grill_vs_bbq_nation_which_is_the_best/odwj8cl/
odwgkho,comment,Patna,Horngri,2,33,183,2026-04-02,Thursday,2026-04,"Pirates of Grill, no comparison. As a foodie who has visited almost every big buffet chain in Patna, I can guarantee you that you'll have a better food experience in Pirates of Grill.",https://www.reddit.com/r/Patna/comments/1sakhea/pirates_of_grill_vs_bbq_nation_which_is_the_best/odwgkho/
odwmvop,comment,Patna,Live_Ostrich_6668,1,6,35,2026-04-02,Thursday,2026-04,What other places have you visited?,https://www.reddit.com/r/Patna/comments/1sakhea/pirates_of_grill_vs_bbq_nation_which_is_the_best/odwmvop/
oe0wt01,comment,Patna,Horngri,1,19,112,2026-04-03,Friday,2026-04,Depends on the festive promotions and timings. It can be between 699-900. They may have early bird discount too.,https://www.reddit.com/r/Patna/comments/1sakhea/pirates_of_grill_vs_bbq_nation_which_is_the_best/oe0wt01/
