record_id,promotion_id,title,category,posted_date,description,image_url,source_url,scraped_at
1,3681,Suvai Yathirai – A Journey Through the Flavours of the Deccan by Dr. Chef Nithya Franklyn,Chef Special / Festival,2026-07-21,"Embark on an unforgettable culinary journey through the heart of Tamil Nadu with Suvai Yathirai, an exclusive chef-curated food festival at Barbeque Nation, crafted by Dr. Chef Nithya Franklyn, MasterChef Tamil Nadu Season 1 finalist. Inspired by the rich culinary traditions of the Deccan, this limited-time festival celebrates authentic regional flavours through a specially curated unlimited buffe",https://api.barbequenation.com/sites/default/files/2026-07/1440x768-chennai-POP_Adpts.jpg,https://api.barbequenation.com/news/suvai-yathirai-journey-through-flavours-deccan-dr-chef-nithya-franklyn,2026-07-30T07:46:41.718Z
2,3680,Saanjha – Revisiting Punjab’s Forgotten Recipes with Chef Sherie Mehtaa at Barbeque Nation,Chef Special / Festival,2026-07-21,"Punjab’s culinary heritage is much more than its iconic favourites. It is a treasure trove of time-honoured recipes, rustic cooking techniques, and regional flavours that have been lovingly passed down through generations. This July, Barbeque Nation invites you to rediscover these hidden gems with Saanjha, an exclusive chef pop-up curated by Celebrity Chef & Television Host Sherie Mehtaa. From 22n",https://api.barbequenation.com/sites/default/files/2026-07/1440x768-chefpop_punjab_Adpts.jpg,https://api.barbequenation.com/news/saanjha-revisiting-punjabs-forgotten-recipes-chef-sherie-mehtaa-barbeque-nation,2026-07-30T07:46:41.718Z
3,3682,The Taste of Monsoon – India's Rainy Day Favourites by Chef Sadik Mullani,Chef Special / Festival,2026-07-20,"Celebrate the magic of the monsoon with The Taste of Monsoon, an exclusive chef-curated food festival at Barbeque Nation, crafted by Chef Sadik Mullani, a specialist in authentic Marathi cuisine. This limited-time culinary experience brings together India's most-loved rainy-day delicacies, comforting flavours, and regional favourites, served as part of Barbeque Nation's signature unlimited buffet.",https://api.barbequenation.com/sites/default/files/2026-07/1440x768-chefpop_pune_Adpts.jpg,https://api.barbequenation.com/news/taste-monsoon-indias-rainy-day-favourites-chef-sadik-mullani,2026-07-30T07:46:41.718Z
4,3683,The Royal Bengal Table – A Culinary Tribute by Chef Suraj Thapa at Barbeque Nation,Chef Special / Festival,2026-07-19,"Step into the regal world of Bengal with The Royal Bengal Table, an exclusive chef-curated food festival at Barbeque Nation, crafted by Chef Suraj Thapa, MasterChef India Season 8 – 3rd Runner-Up. This limited-time culinary celebration revives Bengal's forgotten recipes through an indulgent unlimited buffet featuring authentic regional delicacies, heirloom recipes, fragrant spices, and timeless fl",https://api.barbequenation.com/sites/default/files/2026-07/Chef%20Popup%20%40HYD_Other%20Adpts_1440X768.jpg,https://api.barbequenation.com/news/royal-bengal-table-culinary-tribute-chef-suraj-thapa-barbeque-nation,2026-07-30T07:46:41.718Z
5,3533,The Nawab's Table – A Modern Take on Mughlai Classics by Chef Aditya Sahu,Chef Special / Festival,2026-07-14,"Step into the regal world of Mughlai cuisine with The Nawab's Table, an exclusive chef-curated culinary pop-up by Chef Aditya Sahu, Food Consultant & Enthusiast, at Barbeque Nation Vibes. This limited-time food festival celebrates the timeless flavours of India's royal kitchens, reimagined with a contemporary twist for today's food lovers. From 15th to 19th July 2026, guests can indulge in a speci",https://api.barbequenation.com/sites/default/files/2026-07/Mumbai%20Chef%20pop%20up%20OtherAdapts_1440.jpg,https://api.barbequenation.com/news/nawabs-table-modern-take-mughlai-classics-chef-aditya-sahu,2026-07-30T07:46:41.718Z
6,3311,Flavours of Magadh – An Authentic Culinary Journey Through Bihar by Chef Shreya Anand,Chef Special / Festival,2026-06-30,"Discover the rich culinary heritage of Bihar at Flavours of Magadh, an exclusive chef-curated food festival at Barbeque Nation, crafted by Chef Shreya Anand, Founder of Baghar-e-Magadh. This limited-time festival brings the authentic taste of the historic Magadh region to your table through an indulgent unlimited buffet featuring traditional recipes, time-honoured cooking techniques, and the bold,",https://api.barbequenation.com/sites/default/files/2026-07/Chef%20Popup%20%40Delhi_Other%20Adpts_1440X768.jpg,https://api.barbequenation.com/news/flavours-magadh-authentic-culinary-journey-through-bihar-chef-shreya-anand,2026-07-30T07:46:41.718Z
7,3310,Taste of the Seven Sisters – A Culinary Journey Through Meghalaya to Arunachal by Chef Nambio Marak,Chef Special / Festival,2026-06-23,"Embark on a remarkable culinary journey through Northeast India with Taste of the Seven Sisters, an exclusive chef-curated food festival at Barbeque Nation, crafted by Chef Nambio Marak. Experience the vibrant and authentic flavours of the Seven Sister States, from Meghalaya to Arunachal Pradesh, through a thoughtfully curated unlimited buffet that celebrates the region's rich food traditions, ind",https://api.barbequenation.com/sites/default/files/2026-07/Seven%20sisters%20Chef%20pop%20up%20OtherAdapts_1440.jpg,https://api.barbequenation.com/news/taste-seven-sisters-culinary-journey-through-meghalaya-arunachal-chef-nambio-marak,2026-07-30T07:46:41.718Z
8,3256,Dum-E-Karam – A Celebration of Andhra & Hyderabadi Flavours by Chef Mani Kandan,Chef Special / Festival,2026-06-16,"Embark on a flavour-packed journey through the heart of Andhra Pradesh and Hyderabad with Dum-E-Karam, an exclusive culinary pop-up at Barbeque Nation Vibes, curated by Chef Mani Kandan, MasterChef India Tamil Top 5 finalist. Experience the perfect blend of fiery Andhra spices and the rich, aromatic traditions of Hyderabadi cuisine through a specially crafted menu featuring authentic regional deli",https://api.barbequenation.com/sites/default/files/2026-06/Chef%20Popup%20%40Chennai_Other%20Adpts_1440X768.jpg,https://api.barbequenation.com/news/dum-e-karam-celebration-andhra-hyderabadi-flavours-chef-mani-kandan,2026-07-30T07:46:41.718Z
9,3313,MARURASA – A Royal Rajasthani Culinary Journey by Chef Saurabh Sharma,Chef Special / Festival,2026-06-09,"Experience the vibrant flavours of Rajasthan at MARURASA, an exclusive chef-curated food festival by Dr. Chef Saurabh Sharma, MasterChef India Judge and Culinary Expert, only at Barbeque Nation. This limited-time festival brings the rich culinary heritage of Rajasthan to life through an indulgent unlimited buffet featuring authentic regional delicacies, royal recipes, traditional spices, and timel",https://api.barbequenation.com/sites/default/files/2026-07/Pune%20Chef%20pop%20up%20Saurabh%20OtherAdapts_1440.jpg,https://api.barbequenation.com/news/marurasa-royal-rajasthani-culinary-journey-chef-saurabh-sharma,2026-07-30T07:46:41.718Z
10,3309,BHANSA – A Culinary Tribute to Bihar's Timeless Flavours by Chef Rachnaa Prasad,Chef Special / Festival,2026-06-04,"Experience the rich and authentic flavours of Bihar at BHANSA, an exclusive chef-curated food festival by renowned culinary expert Chef Rachnaa Prasad, only at Barbeque Nation. Inspired by the traditional Bhansa—the heart of every Bihari home where recipes and traditions are passed down through generations—this festival celebrates the region's timeless culinary heritage through an indulgent unlimi",https://api.barbequenation.com/sites/default/files/2026-07/Lucknow_Chef%20Pop%20Up_other%20Adpts_1440X768.jpg,https://api.barbequenation.com/news/bhansa-culinary-tribute-bihars-timeless-flavours-chef-rachnaa-prasad,2026-07-30T07:46:41.718Z
11,3122,Barbeque Nation hits the sweet spot - serves nostalgia with the iconic Melody-inspired dessert,Discount & Offer,2026-05-23,"A pineapple pastry topped with Melody toffee, available only this weekend at select outlets Melody, the chocolate toffee that has been a part of India's collective sweet memory for decades, is now making its way to the Barbeque Nation dessert counter. This weekend, the brand is celebrating one of India's most beloved treats with a delicious limited-edition creation. This weekend, Barbeque Nation i",https://api.barbequenation.com/sites/default/files/2026-05/1440x768%20Website%20News.png,https://api.barbequenation.com/news/barbeque-nation-hits-sweet-spot-serves-nostalgia-iconic-melody-inspired-dessert,2026-07-30T07:46:41.718Z
12,3124,Nizam-E-Dastarkhwan by Kenneth Gopinath – Royal Hyderabadi Flavours at Barbeque Nation,Chef Special / Festival,2026-05-19,"Step into the royal kitchens of Hyderabad with Nizam-E-Dastarkhwan, an exclusive culinary showcase by Kenneth Gopinath, the youngest contestant from MasterChef India 2023, at Barbeque Nation Vibes. Celebrate the rich heritage of Hyderabadi cuisine with aromatic biryanis, authentic Nawabi delicacies, smoky kebabs, bold spices, and royal flavours crafted to perfection. This limited-time food festiva",https://api.barbequenation.com/sites/default/files/2026-05/Chef%20Popup%20%40%20BLR_Other%20Adpts_1440X768.jpg,https://api.barbequenation.com/news/nizam-e-dastarkhwan-kenneth-gopinath-royal-hyderabadi-flavours-barbeque-nation,2026-07-30T07:46:41.718Z
13,3125,Punjab Beyond Borders by Chef Anshmeet Singh – A Grand Punjabi Food Festival at Barbeque Nation,Chef Special / Festival,2026-05-17,"Experience the vibrant flavours of undivided Punjab with Punjab Beyond Borders, an exclusive culinary festival by Chef Anshmeet Singh, MasterChef Jodi India Season 1 finalist, at Barbeque Nation Vibes. Indulge in authentic Punjabi delicacies, smoky tandoori grills, rich curries, flavour-packed kebabs, and traditional recipes inspired by the heart of Punjab. From iconic street-style favourites to r",https://api.barbequenation.com/sites/default/files/2026-05/Punjab%20BB%20Chef%20PopUp_other%20Adpts_1440X768.jpg,https://api.barbequenation.com/news/punjab-beyond-borders-chef-anshmeet-singh-grand-punjabi-food-festival-barbeque-nation,2026-07-30T07:46:41.718Z
14,3113,Barbeque Nation Celebrates the Foodie in Every Mom,Chef Special / Festival,2026-05-09,"We often celebrate mothers for the meals they lovingly prepare, but rarely talk about their own love for food. Our latest digital film turns the spotlight on a side of mothers we often overlook — their unapologetic love for food. Released around Mother's Day, the film is a heartfelt and relatable tribute to moms who embrace food with childlike excitement and joy. The film showcases a mother at Bar",https://api.barbequenation.com/sites/default/files/2026-05/Websit%20Banner_Mother%20day_1440X768_Mother%27s%20day.jpg,https://api.barbequenation.com/news/barbeque-nation-celebrates-foodie-every-mom,2026-07-30T07:46:41.718Z
15,3050,Mirchi Mexicano by Chef Kanak Khathuria – A Bold Culinary Pop-Up at Barbeque Nation,Chef Special / Festival,2026-05-05,"Get ready for a fiery fusion like never before as Barbeque Nation brings you Mirchi Mexicano—an exclusive chef pop-up curated by renowned culinary expert Kanak Khathuria, celebrated for her innovative take on global flavors and her journey on MasterChef India. Experience the perfect blend of Hyderabadi spice and Mexican zest, where bold flavors, smoky grills, and vibrant ingredients come together ",https://api.barbequenation.com/sites/default/files/2026-05/Mirchi%20Mexicano_OtherAdapts_1440.jpg,https://api.barbequenation.com/news/mirchi-mexicano-chef-kanak-khathuria-bold-culinary-pop-barbeque-nation,2026-07-30T07:46:41.718Z
16,3036,Malabar & Beyond by Chef Mohammed Ashiq: A Coastal Culinary Journey at Barbeque Nation,Chef Special / Festival,2026-04-25,"Barbeque Nation presents Malabar & Beyond, an exclusive chef-curated pop-up celebrating the vibrant and diverse flavours of India’s coastal cuisine, crafted by Chef Mohammed Ashiq, MasterChef India Season 8 Winner (2023). Inspired by the rich culinary traditions of the Malabar region and beyond, this limited-time food festival brings together authentic coastal recipes, bold spices, and time-honour",https://api.barbequenation.com/sites/default/files/2026-04/Malabar-Chef-Pop-Up-Website-1440-x-768_0.jpg,https://api.barbequenation.com/news/malabar-beyond-chef-mohammed-ashiq-coastal-culinary-journey-barbeque-nation,2026-07-30T07:46:41.718Z
17,3037,Konkan Spice Table by Chef Shraddha Palande: Discover Coastal Maharashtrian Flavours at Barbeque Nation,Chef Special / Festival,2026-04-23,"Barbeque Nation brings you Konkan Spice Table, a special chef-curated pop-up that celebrates the vibrant flavours of Maharashtrian coastal cuisine, crafted by Chef Shraddha Palande (TIMES Power Food Creator, 2026). Inspired by the culinary heritage of the Konkan region, this limited-time experience showcases a blend of traditional recipes and modern flair. Chef Shraddha presents a thoughtfully cur",https://api.barbequenation.com/sites/default/files/2026-04/Chef%20popup_Pune_OtherAdapts_1440.jpg,https://api.barbequenation.com/news/konkan-spice-table-chef-shraddha-palande-discover-coastal-maharashtrian-flavours-barbeque,2026-07-30T07:46:41.718Z
18,3035,Marabu Manam by Chef Selva Sunitha: A Celebration of Reimagined South Asian Flavours at Barbeque Nation,Chef Special / Festival,2026-04-20,"Barbeque Nation presents Marabu Manam, an exclusive chef-curated pop-up celebrating the richness and diversity of South Asian cuisine, crafted by the talented Chef Selva Sunitha, MasterChef India Top 7. Rooted in tradition yet inspired by modern culinary techniques, this limited-time food festival brings together authentic regional flavours with a contemporary twist. Drawing from the depth of Sout",https://api.barbequenation.com/sites/default/files/2026-04/Chef%20popup_Marabu%20Manam_OtherAdapts_1440.jpg,https://api.barbequenation.com/news/marabu-manam-chef-selva-sunitha-celebration-reimagined-south-asian-flavours-barbeque-nation,2026-07-30T07:46:41.718Z
19,3038,Barbeque Nation Wins ‘Barbeque Restaurant of the Year’ at Restaurant Awards 2026 – Karnataka Edition,Discount & Offer,2026-04-18,"Barbeque Nation proudly celebrates a remarkable milestone, having been awarded the prestigious “Barbeque Restaurant of the Year” at the Restaurant Awards 2026 – Karnataka Edition. Recognized as one of India’s most respected platforms in the food and beverage industry, the Restaurant Awards honour excellence, innovation, and consistency among the country’s top dining brands. This accolade is a test",https://api.barbequenation.com/sites/default/files/2026-04/Best%20Restaurant%20Banners-01.jpg.jpeg,https://api.barbequenation.com/news/barbeque-nation-wins-barbeque-restaurant-year-restaurant-awards-2026-karnataka-edition,2026-07-30T07:46:41.718Z
20,3018,"Barbeque Nation Launches Its First Restaurant in Chandan Nagar at Acasa Building, Station Road",Discount & Offer,2026-04-03,"Barbeque Nation, one of India’s leading casual dining chains and pioneers of the live grill concept, has expanded its presence with the launch of its first outlet in Chandan Nagar at Acasa Building, Station Road. The newly opened restaurant offers Barbeque Nation’s signature live grill-on-the-table experience, featuring a wide array of vegetarian and non-vegetarian starters, indulgent main courses",https://api.barbequenation.com/sites/default/files/2026-04/BBQ_NSO%20Emailer_Chandan%20nagar_1440X768.jpg,https://api.barbequenation.com/news/barbeque-nation-launches-its-first-restaurant-chandan-nagar-acasa-building-station-road,2026-07-30T07:46:41.718Z
21,3017,Barbeque Nation Launches Its First Restaurant in Malda at PRM Centre Point Mall,Discount & Offer,2026-04-02,"Barbeque Nation, one of India’s leading casual dining restaurant chains and pioneers of the live grill concept, has expanded its footprint with the launch of its first outlet in Malda at PRM Centre Point Mall. The newly opened restaurant brings Barbeque Nation’s signature live-on-the-table grill experience to the city, offering an extensive spread of vegetarian and non-vegetarian delicacies, inclu",https://api.barbequenation.com/sites/default/files/2026-04/BBQ_NSO%20Emailer_Apr_WB-MALDA_1440X768.jpg,https://api.barbequenation.com/news/barbeque-nation-launches-its-first-restaurant-malda-prm-centre-point-mall,2026-07-30T07:46:41.718Z
22,2901,Shahi Zaika by Chef Yashita: A Royal Mughlai Feast at Barbeque Nation,Chef Special / Festival,2026-04-02,"Barbeque Nation presents Shahi Zaika, an exclusive chef-curated pop-up celebrating the richness and legacy of Mughlai cuisine, crafted by the talented Chef Yashita Agarwal. Rooted in the timeless flavours of Old Delhi, this limited-time culinary experience brings together indulgent recipes, aromatic spices, and royal cooking traditions that once defined grand feasts of the Mughal era. Guests can s",https://api.barbequenation.com/sites/default/files/2026-04/Chef%20Popup%20%40Ahmedabad_Other%20Adpts_1440X768.jpg,https://api.barbequenation.com/news/shahi-zaika-chef-yashita-royal-mughlai-feast-barbeque-nation,2026-07-30T07:46:41.718Z
23,3120,"Barbeque Nation Launches Its 3rd Restaurant in Malaysia at NU Sentral Mall, Kuala Lumpur",Discount & Offer,2026-04-01,"Barbeque Nation, one of India’s leading casual dining restaurant chains and pioneers of the live grill concept, has expanded its international footprint with the launch of its 3rd outlet in Malaysia at NU Sentral Mall, Kuala Lumpur. The newly launched restaurant brings Barbeque Nation’s signature live-on-the-table grill experience to the city, offering an extensive spread of vegetarian and non-veg",https://api.barbequenation.com/sites/default/files/2026-05/BBQ_NSO%20Artical%20Emailer_Malaysia_1440X768.jpg,https://api.barbequenation.com/news/barbeque-nation-launches-its-3rd-restaurant-malaysia-nu-sentral-mall-kuala-lumpur,2026-07-30T07:46:41.718Z
24,2894,Riwaayat-e-Kashmir by Chef Rajni Jinsi: A Journey Through Kashmiri Pandit Traditions at Barbeque Nation,Chef Special / Festival,2026-02-22,"Barbeque Nation presents Riwaayat-e-Kashmir, an exclusive chef-curated pop-up celebrating the rich culinary heritage of Kashmiri Pandit cuisine and the timeless traditions of Wazwan. Curated by Chef Rajni Jinsi, this limited-time festival brings together authentic recipes, delicate flavours, and a deeply rooted cultural legacy in a thoughtfully crafted buffet experience. Inspired by the valley’s t",https://api.barbequenation.com/sites/default/files/2026-03/1440pixel%20x%20768pixel%20Riwaayat-e-Kashmir%20%281%29.jpg,https://api.barbequenation.com/news/riwaayat-e-kashmir-chef-rajni-jinsi-journey-through-kashmiri-pandit-traditions-barbeque-nation,2026-07-30T07:46:41.718Z
25,2822,The Royal Bengal Table by Chef Suraj Thapa: Stories of Bengal’s Rajbaris at Barbeque Nation,Chef Special / Festival,2026-02-22,"Barbeque Nation presents The Royal Bengal Table, an exclusive chef pop-up celebrating the grandeur and culinary legacy of Bengal’s iconic Rajbaris. Curated by Chef Suraj Thapa, MasterChef India Season 8 – 3rd Runner-Up, this limited-time festival brings the richness of traditional Bengali cuisine to life in a regal buffet experience. Inspired by the lavish feasts once served in royal households, t",https://api.barbequenation.com/sites/default/files/2026-02/Kolkata%20Feast%20-%201440.jpg,https://api.barbequenation.com/news/royal-bengal-table-chef-suraj-thapa-stories-bengals-rajbaris-barbeque-nation,2026-07-30T07:46:41.718Z
26,2819,Theeyil Thamizhan: From Madras to the Grill at Barbeque Nation,Chef Special / Festival,2026-02-17,"Barbeque Nation is turning up the heat with Theeyil Thamizhan – From Madras to the Grill, an exclusive chef pop-up celebrating the bold, soulful flavours of Tamil cuisine. Led by Chef Praveen Kumar, MasterChef India Tamil Top 6, this limited-time culinary showcase brings regional favourites and time-honoured recipes straight from the heart of Tamil Nadu to your table. The specially curated menu bl",https://api.barbequenation.com/sites/default/files/2026-02/Tamil%20Cuisine%20Pop%20Up_1440X768.jpg,https://api.barbequenation.com/news/theeyil-thamizhan-madras-grill-barbeque-nation,2026-07-30T07:46:41.718Z
27,2789,Good food brings people closer,Brand Event / Promotion,2026-02-17,"Our second film in the campaign Milne Ki Bhookh captures this truth through one of the simplest joys at the table – kulfi. A melt-in-your-mouth kulfi shows up at the table, conversations slow down, smiles last longer, and hearts grow fonder. What starts as dessert quietly turns into the reason no one’s in a hurry to leave. In today’s fast-paced lives, it’s often food that gives us an excuse to pau",https://api.barbequenation.com/sites/default/files/2026-02/Kulfi%20Friends_1440X768px.jpg,https://api.barbequenation.com/news/good-food-brings-people-closer,2026-07-30T07:46:41.718Z
28,2895,The Dakshin Express by Chef Rohit Ghosh: A Journey Between Rasam & Roast at Barbeque Nation,Chef Special / Festival,2026-02-12,"Barbeque Nation presents The Dakshin Express, an exclusive chef pop-up celebrating the vibrant and diverse flavours of South India. Curated by Chef Rohit Ghosh, this limited-time culinary experience brings together the essence of Dakshin cuisine — where comforting spices meet bold, coastal roasts — in a thoughtfully crafted buffet spread. Inspired by the rich food culture spanning Tamil Nadu, Kera",https://api.barbequenation.com/sites/default/files/2026-03/e51a61b8-6a33-4ee4-b3b9-1d59f2a5fd73%20%281%29.jpg,https://api.barbequenation.com/news/dakshin-express-chef-rohit-ghosh-journey-between-rasam-roast-barbeque-nation,2026-07-30T07:46:41.718Z
29,2739,From Haat to Thaali by Chef Arati Thapa: Stories from the Himalayan Kitchen at Barbeque Nation,Chef Special / Festival,2026-02-06,"Barbeque Nation presents From Haat to Thaali, an exclusive chef-curated pop-up celebrating the rich culinary traditions of the Himalayan region. Crafted by Chef Arati Thapa, founder of Boju’s Kitchen, this limited-time festival brings authentic mountain flavours to life through a thoughtfully curated buffet experience. Inspired by the vibrant local haats and homestyle kitchens of the Himalayas, th",https://api.barbequenation.com/sites/default/files/2026-02/1440pixel%20x%20768pixel%203P.jpg,https://api.barbequenation.com/news/haat-thaali-chef-arati-thapa-stories-himalayan-kitchen-barbeque-nation,2026-07-30T07:46:41.718Z
30,2673,Nafasat-e-Awadh: A Royal Culinary Journey Comes Alive at Barbeque Nation,Chef Special / Festival,2026-01-22,"Barbeque Nation is bringing the timeless elegance of Awadhi cuisine to life with Nafasat-e-Awadh, a special food festival that is celebrating slow-cooked flavours, royal recipes, and soulful aromas. From 23rd to 27th January, guests are experiencing the richness of Awadh at Barbeque Nation, Time Square, Sakinaka, Mumbai. This exclusive festival is honouring the philosophy of patience and precision",https://api.barbequenation.com/sites/default/files/2026-01/1440pixle%20X%20768pixel%20Awadhi%20Food%20Festival%20Article_0.jpg,https://api.barbequenation.com/news/nafasat-e-awadh-royal-culinary-journey-comes-alive-barbeque-nation,2026-07-30T07:46:41.718Z
31,2679,Barbeque Nation Hyderabad Wins ‘Barbeque Restaurant of the Year’ at Restaurant Awards 2026,Brand Event / Promotion,2026-01-20,"Barbeque Nation is proud to announce a remarkable milestone—winning the prestigious ‘Barbeque Restaurant of the Year’ award at the Restaurant Awards 2026 (Telangana & Andhra Pradesh Edition). This honour was conferred at a grand ceremony held at Hotel Trident, Hyderabad, recognising Barbeque Nation Hyderabad for its unwavering commitment to culinary excellence, innovative dining experiences, and c",https://api.barbequenation.com/sites/default/files/2026-01/SWE09178.jpg,https://api.barbequenation.com/news/barbeque-nation-hyderabad-wins-barbeque-restaurant-year-restaurant-awards-2026,2026-07-30T07:46:41.718Z
32,2660,Odia Trails at Barbeque Nation – A Culinary Journey Through Odisha,Chef Special / Festival,2026-01-20,"Barbeque Nation, Marathahalli is bringing the soulful flavours of Odisha to Bengaluru with Odia Trails, a specially curated food festival that is taking guests on a vibrant culinary journey. Running from 21st to 25th January, this limited-time celebration is showcasing the rich food traditions of Odisha through authentic recipes and regional specialties. Curated by Chef Abinas Nayak, MasterChef In",https://api.barbequenation.com/sites/default/files/2026-01/1440pixel%20x%20768pixel%20Odia%20trails%20Bengaluru%20Article.jpg,https://api.barbequenation.com/news/odia-trails-barbeque-nation-culinary-journey-through-odisha,2026-07-30T07:46:41.718Z
33,2596,Barbeque Nation launches New Year campaign ‘Milne Ki Bhookh’ celebrating togetherness over food,Brand Event / Promotion,2026-01-13,"This New Year, at Barbeque Nation, we’re launching a campaign that feels deeply personal to us, “Milne Ki Bhookh.” Every day, we see that while we’re constantly connected, real connections are becoming rare. Friends meet less, families sit together less, and moments slip by unnoticed. Yet, when people choose to dine out, something changes. Conversations begin, laughter returns, and time slows down",https://api.barbequenation.com/sites/default/files/2026-01/Milne%20Ki%20Bhookh_Final_1440X768px.jpg,https://api.barbequenation.com/news/barbeque-nation-launches-new-year-campaign-milne-ki-bhookh-celebrating-togetherness-over-food,2026-07-30T07:46:41.718Z
34,2661,Zaika-e-Purani Dilli at Barbeque Nation | A Culinary Journey Through Purani Delhi,Chef Special / Festival,2026-01-12,"Barbeque Nation, Regal Building is bringing alive the timeless flavours of Old Delhi with Zaika-e-Purani Dilli, a specially curated food festival that is celebrating the rich culinary heritage of Mughlai cuisine. Taking place from 13th to 19th January, this limited-period festival is transporting guests to the bustling lanes of Purani Dilli through authentic flavours and aromas. Curated by Chef Pu",https://api.barbequenation.com/sites/default/files/2026-01/Zaika-e-Purani%20Dilli%20Pop%20Up%20Adapts-1.jpg,https://api.barbequenation.com/news/zaika-e-purani-dilli-barbeque-nation-culinary-journey-through-purani-delhi,2026-07-30T07:46:41.718Z
35,2488,"Barbeque Nation Presents The Himalayan Rasoiya, A Curated Uttarakhandi Chef Pop Up by Chef Yojana Khanduri",Chef Special / Festival,2025-12-18,"Barbeque Nation is celebrating the soulful flavours of the Himalayas with The Himalayan Rasoiya, a limited-time chef pop-up in Pune curated by Chef Yojana Khanduri, founder of the concept and a native of Uttarakhand. Rooted in tradition and inspired by generations-old recipes, the pop-up offers an authentic introduction to Uttarakhandi cuisine—known for its simplicity, use of local produce, and de",https://api.barbequenation.com/sites/default/files/2025-12/1440px%20X%20768px%20KV.jpg,https://api.barbequenation.com/news/barbeque-nation-presents-himalayan-rasoiya-curated-uttarakhandi-chef-pop-chef-yojana-khanduri,2026-07-30T07:46:41.718Z
36,2418,Dakshin – Flavours Reimagined by MasterChef Kenneth Gopinath,Chef Special / Festival,2025-12-09,"Barbeque Nation is celebrating the vibrant spirit of South Indian cuisine with Dakshin – Flavours Reimagined, an exclusive culinary showcase crafted by MasterChef India’s youngest semi-finalist, Kenneth Gopinath. This special pop-up redefines traditional South Indian flavours with a fresh, modern twist—bringing together heritage, innovation, and the chef’s signature creative flair. From comforting",https://api.barbequenation.com/sites/default/files/2025-12/1440%20X%20768%20Pixels%20Bangalore%20new.jpg,https://api.barbequenation.com/news/dakshin-flavours-reimagined-masterchef-kenneth-gopinath,2026-07-30T07:46:41.718Z
37,2417,Odia Trails: A Journey Through Odisha’s Seasons Crafted by MasterChef Abinas Nayak,Chef Special / Festival,2025-12-07,"Get ready for an extraordinary culinary experience as Barbeque Nation brings Odia Trails to Mumbai! From 8th–14th December, the Atria Mall, Worli outlet will host an exclusive pop-up curated by Chef Abinas Nayak, MasterChef India Season 6 Winner. Embark on a flavorful journey through Odisha’s vibrant seasons and streets, as Chef Abinas recreates traditional delicacies with his signature modern tou",https://api.barbequenation.com/sites/default/files/2025-12/1440px%20X%20768px%20Odia%20Feast.jpg,https://api.barbequenation.com/news/odia-trails-journey-through-odishas-seasons-crafted-masterchef-abinas-nayak,2026-07-30T07:46:41.718Z
38,2419,Awadhi Viraasat: A Feast of Forgotten Flavours at Barbeque Nation,Chef Special / Festival,2025-12-02,"Barbeque Nation presents Awadhi Viraasat, a heartfelt celebration of the timeless culinary heritage of Awadh. Renowned for its refined techniques, delicate flavours, and royal legacy, Awadhi cuisine continues to be one of India’s most treasured culinary traditions. From 3rd to 7th December, guests in Lucknow can indulge in this exclusive experience at Barbeque Nation, Lulu Mall. Curated by Chef Ri",https://api.barbequenation.com/sites/default/files/2025-12/1440%20X%20768%20New%20Lucknow%20Popup.jpg,https://api.barbequenation.com/news/awadhi-viraasat-feast-forgotten-flavours-barbeque-nation,2026-07-30T07:46:41.718Z
39,2330,Barbeque Nation Gurugram Unveils a Lucknowi Dastarkhwan with Chef Gul Ali's Exclusive Pop-Up,Chef Special / Festival,2025-11-17,"Get ready for a culinary journey as Barbeque Nation brings the legendary flavors of Lucknow to Gurugram! From 24th–30th November, the Ambience Mall outlet will host the exclusive Lucknowi Dastarkhwan Pop-Up featuring award-winning Chef Gul Ali of Gul’s Kitchen. Enjoy authentic Lucknowi dishes perfected over 12 years of Dum Pukht mastery—right in your city. Experience live Galouti kebab stations, M",https://api.barbequenation.com/sites/default/files/2025-11/1440px%20X%20768px%20Lucknow.jpg,https://api.barbequenation.com/news/barbeque-nation-gurugram-unveils-lucknowi-dastarkhwan-chef-gul-alis-exclusive-pop,2026-07-30T07:46:41.718Z
40,2287,"Barbeque Nation, Delhi Celebrates ‘Flavours of Nepal: From Terai to Himal’ — an Exclusive Nepali Food Festival Curated by Chef Basant Rana",Chef Special / Festival,2025-11-09,"Barbeque Nation is celebrating the rich culinary heritage of Nepal with its exclusive food festival — “Flavours of Nepal: From Terai to Himal”, curated by Chef Basant Rana. From 10th to 16th November 2025, guests at the Southern Park Mall, Saket, New Delhi outlet can indulge in a vibrant spread that captures the essence of Nepal’s diverse regions and traditions. This special menu brings together t",https://api.barbequenation.com/sites/default/files/2025-11/Oct%20fest_Website%20Banners_Nepal%20food%20popup-03.jpg,https://api.barbequenation.com/news/barbeque-nation-delhi-celebrates-flavours-nepal-terai-himal-exclusive-nepali-food-festival,2026-07-30T07:46:41.718Z
41,2286,Barbeque Nation is Celebrating ‘The Coastal Feast’ with Chef Shyam Gopisetti,Chef Special / Festival,2025-11-06,"Barbeque Nation is celebrating the vibrant flavours of India’s coastline with The Coastal Feast, an exclusive seafood festival at its Gachibowli, Hyderabad outlet from 7th to 9th November. The festival features a special collaboration with Chef Shyam Gopisetti, the 1st Runner-up of MasterChef India Telugu, who brings his coastal-inspired creations to life at Barbeque Nation. Guests are relishing a",https://api.barbequenation.com/sites/default/files/2025-12/Oct%20fest_Website%20Banners_Sea%20Food%20Popup-05_0.jpg,https://api.barbequenation.com/news/barbeque-nation-celebrating-coastal-feast-chef-shyam-gopisetti,2026-07-30T07:46:41.718Z
42,2285,BARBEQUE NATION IGNITES A NEW EXPERIENCE WITH “FLAMES OF ASIA” - A PAN-ASIAN POP-UP CURATED BY CHEF VAIBHAV BHARGAVA,Chef Special / Festival,2025-10-16,"Barbeque Nation is celebrating the vibrant Flames of Asia food festival with an exclusive culinary showcase by Chef Vaibhav Bhargava at its Gaur City Mall, Noida outlet from 17th to 19th October, 2025. Bringing together the bold flavours and aromas of Asian cuisine, the festival features an exquisite spread that includes Korean Cottage Cheese, Charred Broccoli, Grilled Mushroom, Sweet Potato, Corn",https://api.barbequenation.com/sites/default/files/2025-11/Oct%20fest_Website%20Banners_Flames%20of%20Asia-07.jpg,https://api.barbequenation.com/news/barbeque-nation-ignites-new-experience-flames-asia-pan-asian-pop-curated-chef-vaibhav-bhargava,2026-07-30T07:46:41.718Z
43,2284,Barbeque Nation Brings Uttarakhand Flavours with Chef Yojana Khanduri,Chef Special / Festival,2025-10-05,"Barbeque Nation is celebrating the rich culinary heritage of Uttarakhand with an exclusive food festival at its Southern Park Mall, Saket outlet from 6th to 12th October. Featuring Chef Yojana Khanduri, the festival is bringing to life the authentic tastes and aromas of the hills through a specially curated menu. From the protein-rich mixed pulse soup Ras to refreshing salads like Dal Salad and Mu",https://api.barbequenation.com/sites/default/files/2025-11/Oct%20fest_Website%20Banners_Chef%20Popup-01.jpg,https://api.barbequenation.com/news/barbeque-nation-brings-uttarakhand-flavours-chef-yojana-khanduri,2026-07-30T07:46:41.718Z
44,2283,Celebrating the Spirit of Navratri with Barbeque Nation’s Special Vrat Menu,Chef Special / Festival,2025-09-22,"Barbeque Nation invites you to embrace the festive spirit of Navratri with its specially curated Navratri Vrat Specials. Designed to honour traditional fasting customs while delighting your taste buds, the exclusive menu features wholesome and flavourful dishes like Crispy Sabudana Vadas, Samak Rice, Aloo Tamatar Sabzi, Sendha Paneer, Makhana, Raita, Fresh Fruits, and Sweet Rajgira Ladoo. With a 1",https://api.barbequenation.com/sites/default/files/2025-11/Oct%20fest_Website%20Banners_Navratri%20Specials-11.jpg,https://api.barbequenation.com/news/celebrating-spirit-navratri-barbeque-nations-special-vrat-menu,2026-07-30T07:46:41.718Z
45,2280,Barbeque Nation Invites You to Celebrate Durga Pujo with a Curated Bengali Feast,Chef Special / Festival,2025-09-20,"Barbeque Nation extends a warm “Sador Amontron” to food lovers this festive season with an exclusive Durga Pujo Special Menu. Embracing the true spirit of Pujo, the specially curated Bengali spread features a delectable mix of traditional flavours and Barbeque Nation’s signature grills — a perfect fusion of culture and cuisine. Guests can indulge in this festive celebration of taste, joy, and toge",https://api.barbequenation.com/sites/default/files/2025-11/Durga-Puja%20Banner%201.jpg,https://api.barbequenation.com/news/barbeque-nation-invites-you-celebrate-durga-pujo-curated-bengali-feast,2026-07-30T07:46:41.718Z
46,2279,Barbeque Nation Celebrates Engineers’ Day with a Special Buffet Offer!,Discount & Offer,2025-09-15,"Barbeque Nation is celebrating the spirit of innovation and hard work this Engineers’ Day with a special treat for the brilliant minds who build, design, and inspire progress every day. To honor the creators and problem-solvers of our time, Barbeque Nation will be launching an exclusive “Buffet for 5, Pay for 4” offer — where one guest dines absolutely free when you visit as a group of five. It’s ",https://api.barbequenation.com/sites/default/files/2025-11/Engineers_Day_Banner%201.jpg,https://api.barbequenation.com/news/barbeque-nation-celebrates-engineers-day-special-buffet-offer,2026-07-30T07:46:41.718Z
47,2276,Khau Gali is Here – A Street Food Festival for All the Chaat Lovers!,Chef Special / Festival,2025-09-05,"Barbeque Nation is celebrating the vibrant spirit of India’s streets with Khau Gali – India’s Biggest Street Food Celebration! This exciting festival brings the essence of India’s bustling food lanes straight to your table, inviting guests to indulge in a delicious journey through the country’s most-loved street delicacies. From Tandoori Momos, Pav Bhaji, and Chaat to Jalebi with Rabdi and Rasmala",https://api.barbequenation.com/sites/default/files/2025-11/Khau%20Galli%20Web%20Banner%201.png,https://api.barbequenation.com/news/khau-gali-here-street-food-festival-all-chaat-lovers,2026-07-30T07:46:41.718Z
48,2282,Celebrating the Mentors: Teachers’ Day Special at Barbeque Nation,Chef Special / Festival,2025-09-04,"Barbeque Nation is all set to celebrate Teachers’ Day tomorrow, that honours the birth anniversary of Dr. Sarvepalli Radhakrishnan — the revered teacher, philosopher, and former President of India. To mark his legacy and pay tribute to the guiding lights in our lives, Barbeque Nation will be launching an initiative to celebrate teachers and mentors — a special dining offer at just ₹137 + taxes. Th",https://api.barbequenation.com/sites/default/files/2025-11/Oct%20fest_Website%20Banners_Teacher%27s%20Day-09.jpg,https://api.barbequenation.com/news/celebrating-mentors-teachers-day-special-barbeque-nation,2026-07-30T07:46:41.718Z
49,2277,Celebrate Unlimited Flavors with 10 + 10 Super Starters — Your Go-To Destination for Sizzling Delights,Discount & Offer,2025-08-01,"Barbeque Nation is Celebrating Flavour Like Never Before with the 10 + 10 Super Starters Festival - your ultimate unlimited celebration destination for sizzling starters and endless indulgence! Get ready to enjoy a mouth-watering spread of 20 delectable starters, served unlimited until your heart and appetite say enough. Taking the experience up a notch, Barbeque Nation has expanded the variety to",https://api.barbequenation.com/sites/default/files/2025-11/1%20Banner%2010%2B10.png,https://api.barbequenation.com/news/celebrate-unlimited-flavors-10-10-super-starters-your-go-destination-sizzling-delights,2026-07-30T07:46:41.718Z
50,2059,Barbeque Nation Wins “Best Barbeque Chain” at Eazydiner Foodie Awards – Jaipur Edition,Brand Event / Promotion,2025-07-30,"Barbeque Nation is thrilled to announce its latest milestone — being awarded the prestigious title of “Best Barbeque Chain” at the Eazydiner Foodie Awards, Jaipur Edition. This recognition highlights our unwavering commitment to culinary excellence, innovation, and unforgettable dining experiences. From pioneering the live grill on the table concept to serving up our signature all-you-can-eat buff",https://api.barbequenation.com/sites/default/files/2025-08/_DSC4528_0.JPG,https://api.barbequenation.com/news/barbeque-nation-wins-best-barbeque-chain-eazydiner-foodie-awards-jaipur-edition,2026-07-30T07:46:41.718Z
51,1922,Barbeque Nation Ranked 14th Best Company to Work For in India by The Economic Times - Great Place To Work 2025,Chef Special / Festival,2025-07-05,"Barbeque Nation, one of India’s most beloved restaurant chains, has been ranked the 14th Best Company to Work For in India by The Economic Times – Great Place To Work 2025. This prestigious recognition underscores the brand’s ongoing commitment to cultivating a positive, inclusive, and growth-oriented workplace. At the heart of Barbeque Nation’s success is its strong focus on employee development,",https://api.barbequenation.com/sites/default/files/2025-07/Award.jpg,https://api.barbequenation.com/news/barbeque-nation-ranked-14th-best-company-work-india-economic-times-great-place-work-2025,2026-07-30T07:46:41.718Z
52,1924,"This Father’s Day, Aane Do Tumhare Papa Ko!",Discount & Offer,2025-06-15,"Barbeque Nation invites you to celebrate the hero of your life with a feast he truly deserves! From sizzling grills to hearty mains and indulgent desserts – give your dad the gift of flavor, fun, and family time. 📅 Celebrate this Father's Day with unlimited joy and food! 🎁 Surprise him with special treats and create memories over the grill. Aane do tumhare papa ko… kyunki yeh celebration unke na",https://api.barbequenation.com/sites/default/files/2025-07/Father%27s%20day%20banner.png,https://api.barbequenation.com/news/fathers-day-aane-do-tumhare-papa-ko,2026-07-30T07:46:41.718Z
53,1849,Title- Barbeque Nation presents Mango Tango – A Juicy Celebration of Summer’s Favorite Fruit!,Seasonal Campaign,2025-06-02,"""Get ready to go aam-azing with Mango Tango, a vibrant festival bursting with the sweet and tangy flavors of the king of fruits! Dive into a luscious spread of mango-inspired delights—from beverages to indulgent desserts and one-of-a-kind grilled innovations, all infused with the golden essence of ripe and raw mangoes. Savor special creations like Kalmi Mango Chicken Tikka, Kairi Ghosht, and zesty",https://api.barbequenation.com/sites/default/files/2025-06/Websit%20Banner_1440X768_Mango%20fest.jpg,https://api.barbequenation.com/news/title-barbeque-nation-presents-mango-tango-juicy-celebration-summers-favorite-fruit,2026-07-30T07:46:41.718Z
54,1848,"Barbeque Nation’s Khushiyon Ka Pitaraa Initiative Spreads Joy at Rasta NGO School, Ghaziabad 🎉 Barbeque Nation believes every child deserves to feel special on their birthday. Khushiyon Ka Pitaraa is Barbeque Nation’s way of giving back",Brand Event / Promotion,2025-06-01,"Barbeque Nation believes every child deserves to feel special on their birthday. Khushiyon Ka Pitaraa is Barbeque Nation’s way of giving back—celebrating not just birthdays, but the spirit of community, joy, and kindness. As part of this newly launched initiative, Barbeque Nation hosted a joyful celebration for the children of Rasta NGO School in Khora, Ghaziabad on 28th May 2025. This heartwarmin",https://api.barbequenation.com/sites/default/files/2025-06/Websit%20Banner_1440X768_%20Ghaziabad.jpg,https://api.barbequenation.com/news/barbeque-nations-khushiyon-ka-pitaraa-initiative-spreads-joy-rasta-ngo-school-ghaziabad,2026-07-30T07:46:41.718Z
55,1850,"Barbeque Nation is now open in Dhanbad, Jharkhand",Discount & Offer,2025-06-01,"""Foodies, get ready—Barbeque Nation has officially landed in Dhanbad, and it's fast becoming the go-to hotspot in town. If you’re searching for “best buffet restaurants” that combine flavor, fun, and flair, look no further. Step into a stylish space with chic décor, cozy vibes, and that signature Barbeque Nation energy. The vibe is perfect for everything—from casual catch-ups to family dinners. At",https://api.barbequenation.com/sites/default/files/2025-06/Websit%20Banner_1440X768_Dhanbad.jpg,https://api.barbequenation.com/news/barbeque-nation-now-open-dhanbad-jharkhand,2026-07-30T07:46:41.718Z
56,1851,Barbeque Nation Celebrates the Many Sides of Mom with #KnowTheRealHer,Brand Event / Promotion,2025-06-01,"This Mother’s Day, Barbeque Nation launched a heartwarming and fun campaign titled #KnowTheRealHer, encouraging families to look beyond the familiar roles mothers play and rediscover the person behind the ‘mom’ label. Rooted in a relatable insight, the campaign celebrated the quirks, passions, and little-known sides of mothers—whether she's a bathroom singer, a prankster at heart, a horror movie l",https://api.barbequenation.com/sites/default/files/2025-06/Websit%20Banner_1440X768_Mother%27s%20day.jpg,https://api.barbequenation.com/news/barbeque-nation-celebrates-many-sides-mom-knowtherealher,2026-07-30T07:46:41.718Z
57,1847,Fab 5 Offer - UBQ By Barbeque Nation,Discount & Offer,2025-06-01,"""Get 5 exciting benefits when you order through the Barbeque Nation app: ✅ Zero Delivery Fee on all orders ✅ Zero Packaging fee ✅ Flat ₹200 Off on orders above ₹699 ✅ 100 Smile Coins on registration (1 Smile = ₹1) ✅ No minimum order value! Don't miss out – enjoy more, save more, and make every meal a Fab one! Order now on the Barbeque Nation app. T&C apply.""",https://api.barbequenation.com/sites/default/files/2025-07/Mobile_1725x792.png,https://api.barbequenation.com/news/fab-5-offer-ubq-barbeque-nation,2026-07-30T07:46:41.718Z
58,1843,Barbeque Nation Clinches “Best BBQ Restaurant in West India” at Food Connoisseurs India Awards – 8th Edition,Discount & Offer,2025-05-23,"""Barbeque Nation is proud to announce its latest achievement — winning the coveted title of “Best BBQ Restaurant in West India” at the 8th Edition of the Food Connoisseurs India Awards. This prestigious recognition underscores the brand’s continued excellence in the culinary space, celebrating its innovation, service, and unforgettable dining experiences. Renowned for pioneering the live grill on ",https://api.barbequenation.com/sites/default/files/2025-05/bbq%20sayagi%202_1.JPG,https://api.barbequenation.com/news/barbeque-nation-clinches-best-bbq-restaurant-west-india-food-connoisseurs-india-awards-8th,2026-07-30T07:46:41.718Z
59,2278,Barbeque Nation Debuts in Sharjah : First Outlet Now Open at Sharjah Central Mall,Chef Special / Festival,2025-04-15,"Barbeque Nation is thrilled to announce the launch of its very first outlet in Sharjah, located right in the heart of Sharjah Central Mall — bringing its iconic dining experience to the vibrant city. Get ready to turn up the heat as Barbeque Nation introduces its signature live grill experience and bold, mouthwatering flavors to this exciting new location. From sizzling kebabs to flame-grilled fav",https://api.barbequenation.com/sites/default/files/2025-11/Sharjah.jpg,https://api.barbequenation.com/news/barbeque-nation-debuts-sharjah-first-outlet-now-open-sharjah-central-mall,2026-07-30T07:46:41.718Z
60,1753,Lazeez-e-Gosht: A Mutton Lover’s Feast at Barbeque Nation,Chef Special / Festival,2025-03-03,"Barbeque Nation, your ultimate celebration destination, brings you Lazeez-e-Gosht, a festival of rich and flavorful mutton delicacies. Indulge in a spread of mouthwatering dishes, from smoky kebabs to aromatic curries and biryanis, all crafted with traditional recipes and bold spices. Experience the melt-in-the-mouth perfection of Galouti Kebab, the spiced indulgence of Mutton Kheema Pav, and the ",https://api.barbequenation.com/sites/default/files/2025-03/Mutton%20fest.jpg,https://api.barbequenation.com/news/lazeez-e-gosht-mutton-lovers-feast-barbeque-nation,2026-07-30T07:46:41.718Z
61,1683,Celebrate the New Year at Barbeque Nation,Seasonal Campaign,2024-12-27,"Ring in the New Year at Barbeque Nation, the absolute destination for celebrating with family and friends. Our unlimited grills and buffet offering over 60 delicious dishes will ensure you have an unforgettable dining experience. From smoky, sizzling starters to delectable mains and indulgent desserts, we have something for everyone, making it the perfect spot for a festive feast. With its vibrant",https://api.barbequenation.com/sites/default/files/2024-12/New%20yr%201.png,https://api.barbequenation.com/news/celebrate-new-year-barbeque-nation,2026-07-30T07:46:41.718Z
62,1682,Celebrate Christmas at Barbeque Nation,Seasonal Campaign,2024-12-25,"This Christmas, make unforgettable memories with your loved ones at Barbeque Nation, the perfect spot for celebrating the holidays in style. With unlimited grills and a lavish buffet spread featuring over 60 delicious dishes, it’s the ultimate destination for a festive feast that everyone will enjoy. Barbeque Nation offers a vibrant, lively ambiance, beautifully adorned with festive décor that bri",https://api.barbequenation.com/sites/default/files/2024-12/xmas%201.png,https://api.barbequenation.com/news/celebrate-christmas-barbeque-nation,2026-07-30T07:46:41.718Z
63,1675,Barbeque Nation Unveils Three Exquisite New Desserts,Discount & Offer,2024-12-21,"Barbeque Nation, a pioneer in the dining industry known for its all-you-can-eat buffets, has added three irresistible desserts to its menu, blending tradition with innovation to delight dessert enthusiasts. These culinary creations, available across select outlets, promise to elevate the dessert experience for diners. Baked Mihidana Drawing inspiration from the heritage sweets of Bengal, the Baked",https://api.barbequenation.com/sites/default/files/2024-12/Desserts%201.png,https://api.barbequenation.com/news/barbeque-nation-unveils-three-exquisite-new-desserts,2026-07-30T07:46:41.718Z
64,1680,Barbeque Nation Reopens in Amravati,Seasonal Campaign,2024-12-20,"Amravati, get ready for a celebration of flavors! Barbeque Nation, the best buffet restaurant in town, has reopened its doors, bringing the same exceptional dining experience you love. With a refreshed look and all your favorite dishes, this is the absolute destination for a delicious, unforgettable meal. At Barbeque Nation, we continue to offer our renowned unlimited buffet with a diverse spread ",https://api.barbequenation.com/sites/default/files/2024-12/Amravati.png,https://api.barbequenation.com/news/barbeque-nation-reopens-amravati,2026-07-30T07:46:41.718Z
65,1679,Fiesta by Barbeque Nation Debuts in Pune!,Discount & Offer,2024-12-20,"Pune, get ready to elevate your dining experience! Fiesta by Barbeque Nation has opened its doors, bringing a fresh and vibrant take on buffet dining to the city. Perfect for family outings, celebrations, or casual get-togethers, Fiesta offers a lively ambiance that sets the stage for memorable meals. At Fiesta, indulgence knows no bounds. The multi-cuisine buffet boasts 60+ dishes, blending the b",https://api.barbequenation.com/sites/default/files/2024-12/Fiesta.png,https://api.barbequenation.com/news/fiesta-barbeque-nation-debuts-pune,2026-07-30T07:46:41.718Z
66,1674,Barbeque Nation Wins Barbeque Restaurant of the Year 2024,Discount & Offer,2024-12-16,"Barbeque Nation, Hyderabad, has been awarded the prestigious Barbeque Restaurant of the Year at the Restaurant Awards 2024, Telangana & Andhra Pradesh Edition. Sponsored by Ohri’s and CAMPA, this event celebrates outstanding contributions in the restaurant industry, recognizing excellence in dining, creativity, and customer service. Known for its signature live grill experience and all-you-can-eat",https://api.barbequenation.com/sites/default/files/2024-12/Hyderabad%201.png,https://api.barbequenation.com/news/barbeque-nation-wins-barbeque-restaurant-year-2024,2026-07-30T07:46:41.718Z
67,1672,Dive Into a Seafood Feast at Barbeque Nation,Discount & Offer,2024-12-13,"Barbeque Nation presents The Great Grill Loot, an exclusive seafood festival offering an unlimited buffet featuring a variety of mouthwatering coastal dishes. Enjoy an all-you-can-eat feast with delicious options like Tandoori Crab, Cilantro Prawn, Tawa Fried King Fish, and Crab Masala, all served fresh along with the live grills. This festival brings the absolute best of seafood to your table, wi",https://api.barbequenation.com/sites/default/files/2024-12/grill%20loot.png,https://api.barbequenation.com/news/dive-seafood-feast-barbeque-nation,2026-07-30T07:46:41.718Z
68,1673,A Journey Through Taste Along the GT Road,Discount & Offer,2024-12-13,"Barbeque Nation recently brought an unforgettable culinary experience to Kuala Lumpur, Malaysia, offering a taste journey along the Grand Trunk Road—one of Asia’s oldest and most iconic routes. Stretching from Kabul to Kolkata, the Grand Trunk Road is steeped in cultural and culinary history, connecting India, Pakistan, Bangladesh, and Afghanistan. Guests were treated to an unlimited buffet showca",https://api.barbequenation.com/sites/default/files/2024-12/GT%20road.png,https://api.barbequenation.com/news/journey-through-taste-along-gt-road,2026-07-30T07:46:41.718Z
69,1662,Savor Coastal Flavors at Barbeque Nation,Discount & Offer,2024-11-19,"Barbeque Nation, one of the best buffet restaurants in Bangalore, is back with a special treat for seafood lovers. The Seafood Festival is here to take your dining experience to the next level, offering an absolute feast of coastal flavors that are perfect for family outings, celebrations, or casual hangouts. The menu is a seafood lover’s dream, featuring dishes like Crispy Calamari Rings, the tan",https://api.barbequenation.com/sites/default/files/2024-11/Sea%20Food%20fest%201.png,https://api.barbequenation.com/news/savor-coastal-flavors-barbeque-nation,2026-07-30T07:46:41.718Z
70,1661,Celebrate Bengal’s Finest at Barbeque Nation!,Seasonal Campaign,2024-11-19,"Barbeque Nation, renowned as one of the best buffet restaurants, is inviting food lovers to experience the magic of Bengal with the Shonar Bangla Feast. This exclusive festival, running from 18th November to 10th December, combines authentic Bengali cuisine with the brand’s signature live grill and unlimited buffet, making it an absolute celebration destination for families and friends. The Shonar",https://api.barbequenation.com/sites/default/files/2024-11/Bengali%20Food%20Fest.png,https://api.barbequenation.com/news/celebrate-bengals-finest-barbeque-nation,2026-07-30T07:46:41.718Z
71,1666,Barbeque Nation Opens Its Third Outlet in Dehradun!,Discount & Offer,2024-11-15,"Food lovers in Dehradun, get ready for a brand-new dining experience! Barbeque Nation has opened its third outlet in the city, now at the Mall of Dehradun, and it’s already creating a buzz. As one of the best buffet restaurants in town, this new location is designed to impress with a fresh, modern look and feel that perfectly complements the vibrant atmosphere of the mall. Barbeque Nation is known",https://api.barbequenation.com/sites/default/files/2024-11/Dehradun%201.png,https://api.barbequenation.com/news/barbeque-nation-opens-its-third-outlet-dehradun,2026-07-30T07:46:41.718Z
72,1663,Children’s Day Celebration at Barbeque Nation,Discount & Offer,2024-11-14,"At Barbeque Nation, we believe in making every family outing a special occasion. This Children’s Day, we went all out to create a fun and memorable experience for the little ones, with a series of exciting activities for kids to enjoy. The day kicked off with a lively cake cutting ceremony, where kids came together to celebrate and share in the joy. Our young guests also had a blast with coloring ",https://api.barbequenation.com/sites/default/files/2024-11/Children%27s%20day%201.png,https://api.barbequenation.com/news/childrens-day-celebration-barbeque-nation,2026-07-30T07:46:41.718Z
73,1665,Atmosfire by Barbeque Nation: Crafting Unforgettable Celebrations,Seasonal Campaign,2024-11-12,"Atmosfire, an exclusive catering service by Barbeque Nation, delivers the brand's renowned live grill experience straight to events of all kinds. From birthdays and weddings to corporate gatherings and cozy home parties, Atmosfire adds a personalized and flavorful touch, making every celebration truly special. The service is designed to cater to diverse tastes, offering customizable menus that inc",https://api.barbequenation.com/sites/default/files/2024-11/Atmosfire.png,https://api.barbequenation.com/news/atmosfire-barbeque-nation-crafting-unforgettable-celebrations,2026-07-30T07:46:41.718Z
74,1664,UBQ by Barbeque Nation: Delicious Indian Dining at Home,Chef Special / Festival,2024-11-08,"Barbeque Nation extends its signature dining experience to your home with UBQ by Barbeque Nation, a cloud kitchen that redefines affordable Indian food delivery. UBQ blends premium quality with unbeatable value, delivering authentic flavors and generous portions for every craving. The thoughtfully curated menu caters to all tastes and budgets. From value-packed meals perfect for quick lunches to p",https://api.barbequenation.com/sites/default/files/2024-11/UBQ.png,https://api.barbequenation.com/news/ubq-barbeque-nation-delicious-indian-dining-home,2026-07-30T07:46:41.718Z
75,1625,Celebrate the Flavors of Rajasthan with Royal Rajasthani Rasoi at Barbeque Nation.,Chef Special / Festival,2024-10-18,"Barbeque Nation presents the Royal Rajasthani Rasoi, inviting guests to embark on a culinary journey through Rajasthan's majestic flavors. This festival celebrates the rich and diverse cuisine of Rajasthan, offering an absolute unlimited buffet experience that captures the essence of Rajasthani hospitality. The specially curated menu features delightful dishes like Dal Baati Churma, Shekhawati Chi",https://api.barbequenation.com/sites/default/files/2024-10/Rajashthani%20Food%20fest%402x_0.png,https://api.barbequenation.com/news/celebrate-flavors-rajasthan-royal-rajasthani-rasoi-barbeque-nation,2026-07-30T07:46:41.718Z
76,1624,Celebrate Durga Mahotsav with a Festive Feast at Barbeque Nation!,Seasonal Campaign,2024-10-07,"Barbeque Nation celebrates the Grand Durga Mahotsav with a delightful array of Bengali culinary delights. As one of the best buffet restaurants in India, it offers an absolute unlimited festive feast available until 13th October. The vegetarian menu includes Chhenar Dalna, Basanti Pulao, Yellow Dal Tadka, Doi Begun, Ghee Bhat, Sukto, Gobi Mussalam, Aloo Jhinga Posto, Khejur Amsatto Chutney, Mishti",https://api.barbequenation.com/sites/default/files/2024-10/Durga%20Pooja%20Mohatsava%402x.png,https://api.barbequenation.com/news/celebrate-durga-mahotsav-festive-feast-barbeque-nation,2026-07-30T07:46:41.718Z
77,1623,Barbeque Nation Celebrates the Flavors of Bengal in the Bangla Swaad Utsab,Chef Special / Festival,2024-10-04,"Barbeque Nation invites guests to experience the rich culinary heritage of Bengal with its exciting Bangla Swaad Utsab. This festival is set to transport diners to the heart of Bengal, featuring a specially curated menu that celebrates the vibrant traditions and flavors of Bengali cuisine. Guests can indulge in a variety of dishes, including Phuchka, Mandeli Fish Fry, Ghugni, Jhal Morri, and Veg C",https://api.barbequenation.com/sites/default/files/2024-10/Bengali%20Food%20Fest%402x.png,https://api.barbequenation.com/news/barbeque-nation-celebrates-flavors-bengal-bangla-swaad-utsab,2026-07-30T07:46:41.718Z
78,1579,Barbeque Nation celebrates the flavours of Tamil Nadu in their Chettinad Food Festival,Chef Special / Festival,2024-09-10,"Barbeque Nation is set to transport guests to the heart of Tamil Nadu’s Chettinad region with its exciting Chettinad Food Festival. Beginning September 10th, Barbeque Nation outlets across India will feature a specially curated menu celebrating the vibrant culinary traditions of the Chettinad community. Chettinad cuisine, renowned for its bold and complex flavors, is deeply rooted in the culture a",https://api.barbequenation.com/sites/default/files/2024-10/BBQ_Website%20Banner_All%20Fest%20new_Chettinad%20Food%20Fest-03.jpg,https://api.barbequenation.com/news/barbeque-nation-celebrates-flavours-tamil-nadu-their-chettinad-food-festival,2026-07-30T07:46:41.718Z
79,1577,Toasting the Golden Years: Special Grandparents Day Offer at Barbeque Nation,Chef Special / Festival,2024-09-02,"To mark Grandparents Day 2024, Barbeque Nation introduced the Senior Legends Offer, inviting guests aged 60 and above to enjoy a special dining experience for ₹499 plus taxes. This initiative was designed to celebrate and honor grandparents, providing a thoughtful and enjoyable experience at one of India’s best buffet restaurants. The Grandparents Day celebration featured a unique menu curated by ",https://api.barbequenation.com/sites/default/files/2024-09/BBQ_Website%20Banner_All%20Fest%20new_Senior%20Legends.jpg,https://api.barbequenation.com/news/toasting-golden-years-special-grandparents-day-offer-barbeque-nation,2026-07-30T07:46:41.718Z
80,1606,Barbeque Nation Invites Manjari Verde to Celebrate Grandparents Day with the Senior Legends Offer!,Discount & Offer,2024-09-01,"To celebrate Grandparents Day 2024, Barbeque Nation invited seniors to enjoy a special dining experience through their Senior Legends Offer, priced at ₹499 plus taxes. Among those honored was the talented artist and grandmother, Manjiri Varde, known for her vibrant personality and captivating presence on Instagram, where she shares her artwork, cooking adventures, and playful moments with her fami",https://api.barbequenation.com/sites/default/files/2024-09/BBQ_Website%20Banner_All%20Fest%20new_Manjari%20Verde%20%28Grandparents%20Day%29-25.jpg,https://api.barbequenation.com/news/barbeque-nation-invites-manjari-verde-celebrate-grandparents-day-senior-legends-offer-0,2026-07-30T07:46:41.718Z
81,1597,Gangs of Grill: The Ultimate Friendship Day Challenge at Barbeque Nation!,Seasonal Campaign,2024-08-02,"Barbeque Nation, India’s leading casual dining restaurant chain, is excited to introduce the ‘Gang of Grills Friendship Day Challenge’. This vibrant campaign, running from July 29th to August 15th, celebrates the joy of friendship with a unique blend of fine dining and interactive fun. The campaign invites friends and food enthusiasts to gather at Barbeque Nation outlets and partake in an engaging",https://api.barbequenation.com/sites/default/files/2024-09/BBQ_Website%20Banner_All%20Fest%20new_Friendship%20Day-17.jpg,https://api.barbequenation.com/news/gangs-grill-ultimate-friendship-day-challenge-barbeque-nation,2026-07-30T07:46:41.718Z
82,1578,Farah Khan's 500K Milestone Celebration at Barbeque Nation’s Mood-e-Monsoon Festival,Chef Special / Festival,2024-07-19,"In a delightful twist of celebration and culinary charm, Barbeque Nation recently hosted an exuberant Mood-e-Monsoon festival at their outlet, and filmmaker-choreographer Farah Khan added a splash of star power to the occasion. Farah, who recently hit a remarkable 500K followers on her YouTube channel ‘Food with Farah,’ took her chef out for a special treat to mark the milestone. The Mood-e-Monsoo",https://api.barbequenation.com/sites/default/files/2024-09/BBQ_Website%20Banner_All%20Fest%20new_Farah%20Khan%20%28Mood-e-Monsoon%29-15.jpg,https://api.barbequenation.com/news/farah-khans-500k-milestone-celebration-barbeque-nations-mood-e-monsoon-festival,2026-07-30T07:46:41.718Z
83,1576,Experience Barbeque Nation’s Mood-e-Monsoon Food Festival,Chef Special / Festival,2024-07-12,"As the monsoon season unfolds, Barbeque Nation, one of India’s top choices for casual dining, is excited to introduce its latest event—the Mood-e-Monsoon Festival. Running from July 10th to July 31st, 2024, this festival is designed to bring the cozy essence of the monsoon to diners with a specially curated menu featuring seasonal specialties and classic monsoon recipes. Guests at Barbeque Nation,",https://api.barbequenation.com/sites/default/files/2024-09/BBQ_Website%20Banner_All%20Fest%20new_Mood-e-Monsoon%20fest-01.jpg,https://api.barbequenation.com/news/experience-barbeque-nations-mood-e-monsoon-food-festival,2026-07-30T07:46:41.718Z
84,1535,How to plan a successful team building event at Barbeque Nation?,Discount & Offer,2024-07-11,"Companies often plan team building exercises to ensure better collaboration and enhanced efficiency. These exercises promote better understanding and cordial relationships between members of the team. A good way to approach this is through team meals at restaurants. Our restaurant offers the perfect atmosphere and food to facilitate better collaboration between team members. Here, we share some ti",https://api.barbequenation.com/sites/default/files/2024-08/How%20to%20plan%20a%20successful%20team%20building%20event%20at%20Barbeque%20Nation.jpg,https://api.barbequenation.com/blog/how-plan-successful-team-building-event-barbeque-nation,2026-07-30T07:46:41.718Z
85,1536,A foodie's delight: Weekend dining at Barbeque Nation Pune,Discount & Offer,2024-07-11,"Weekends offer plenty of leisure time to students and working individuals. It is the perfect time to catch up with friends and spend quality time with family. And, what better way to relax than to have an incredible buffet dining experience with loved ones. That is why our restaurants are popular spots for foodies during the weekends, as they provide a relaxing atmosphere with an almost unending s",https://api.barbequenation.com/sites/default/files/2024-08/A%20foodie%27s%20delight%20Weekend%20dining%20at%20Barbeque%20Nation%20Pune.jpg,https://api.barbequenation.com/blog/foodies-delight-weekend-dining-barbeque-nation-pune,2026-07-30T07:46:41.718Z
86,1532,Barbeque Nation: Recognized as India's 14th Best Company To Work For,Chef Special / Festival,2024-07-11,"Introduction: Barbeque Nation, a leading restaurant chain in India, has been named the 14th Best Company To Work For by The Economic Times - Great Place To Work, India 2024. This accolade highlights our commitment to fostering a positive and supportive work culture where employees can thrive. 1. Creating a Positive Work Culture: Barbeque Nation believes that a motivated team is key to success. We ",https://api.barbequenation.com/sites/default/files/2024-08/Best%20place%20to%20work_Final.png,https://api.barbequenation.com/blog/barbeque-nation-recognized-indias-14th-best-company-work,2026-07-30T07:46:41.718Z
87,1598,Grill Your Way to Flavor Town at Barbeque Nation’s New Hyderabad Outlet,Discount & Offer,2024-07-09,"Barbeque Nation, proudly opens its newest outlet in Hyderabad Knowledge City, Sattva Groups. This latest addition brings an exciting fusion of flavors and an inviting ambience to the city. The Hyderabad outlet maintains Barbeque Nation’s hallmark all-you-can-eat dining experience, offering a diverse range of succulent kebabs, grilled delights, and classic favorites. Guests can savor popular dishes",https://api.barbequenation.com/sites/default/files/2024-10/BBQ_Website%20Banner_All%20Fest%20new_Hyderabad%20%28Salarpuria%29-21.jpg,https://api.barbequenation.com/news/grill-your-way-flavor-town-barbeque-nations-new-hyderabad-outlet,2026-07-30T07:46:41.718Z
88,1533,The History of barbeque buffets,Discount & Offer,2024-07-04,"Barbeque buffets have become a global phenomenon and they offer a seemingly endless parade of smoky, savoury delights. But where did this all-you-can-eat love affair with grilled meats begin? Here, we share the interesting history of barbeque buffets, tracing their evolution from humble beginnings to their current international popularity. 1. Origins of barbeque For millennia, humans have enjoyed ",https://api.barbequenation.com/sites/default/files/2024-08/The%20history%20of%20barbeque%20buffets.jpg,https://api.barbequenation.com/blog/history-barbeque-buffets,2026-07-30T07:46:41.718Z
89,1527,Why should you host unlimited buffet parties at Barbeque Nation for your team members?,Discount & Offer,2024-07-04,"Team celebrations are a fantastic way to boost morale, encourage collaboration and create lasting memories. When it comes to planning an unforgettable team event, you should look no further than Barbeque Nation! Here's why we are the ideal destination for your next unlimited buffet party. 1. 30+ delectable starters We offer an unparalleled spread of starters, boasting over 30 unique vegetarian and",https://api.barbequenation.com/sites/default/files/2024-08/Why%20should%20you%20host%20unlimited%20buffet%20parties%20at%20Barbeque%20Nation%20for%20your%20team%20members.jpg,https://api.barbequenation.com/blog/host-unlimited-buffet-at-barbeque-nation,2026-07-30T07:46:41.718Z
90,1518,Barbeque Nation wins the prestigious Food Service Award 2024 for Technology Implementation of the Year,Discount & Offer,2024-07-03,"We are proud to announce that Barbeque Nation, the restaurant chain bringing sizzling flavours to your plates, just won a prestigious award for Technology Implementation of the Year at the Food Service Award 2024. Have you ever wondered how we keep the grills hot and the service smooth? Here, we take a closer look at how our technology integration led to us winning the Food Service Award and how i",https://api.barbequenation.com/sites/default/files/2024-07/AWR02686.jpeg,https://api.barbequenation.com/blog/barbeque-nation-wins-food-service-award-of-2024,2026-07-30T07:46:41.718Z
91,1607,Barbeque Nation Ranks 14th in India’s Best Companies to Work For: A Recipe for Success!,Chef Special / Festival,2024-07-01,"Barbeque Nation, one of India’s most beloved restaurant chains, has been recognized as the 14th Best Company To Work For by The Economic Times - Great Place To Work, India 2024. This prestigious accolade highlights the brand's unwavering commitment to fostering a positive and dynamic work culture, where employees feel valued, motivated, and inspired every day. Barbeque Nation’s success in creating",https://api.barbequenation.com/sites/default/files/2024-09/BBQ_Website%20Banner_All%20Fest%20new_Great%20Place%20to%20work-19.jpg,https://api.barbequenation.com/news/barbeque-nation-ranks-14th-indias-best-companies-work-recipe-success,2026-07-30T07:46:41.718Z
92,1575,Mango Tango Fest: A Summer Celebration of the King of Fruits at Barbeque Nation,Chef Special / Festival,2024-06-22,"At Barbeque Nation, celebrating seasonal flavors is a core tradition, and this summer’s highlight was the Mango Tango Fest. This special event, dedicated to the king of fruits, mango, featured an exclusive menu of mango-inspired dishes across all their buffet restaurants. The Mango Tango Fest showcased a variety of delightful mango recipes, including the tangy Kachche Aam Ki Chutney, zesty Mango S",https://api.barbequenation.com/sites/default/files/2024-09/BBQ_Website%20Banner_All%20Fest%20new_Mango%20Tango%20Fest-05.jpg,https://api.barbequenation.com/news/mango-tango-fest-summer-celebration-king-fruits-barbeque-nation,2026-07-30T07:46:41.718Z
93,1572,Kunal Vijayakar’s Culinary Adventure at Barbeque Nation’s Dawat-e-Lucknow Festival,Discount & Offer,2024-05-18,"Kunal Vijaykar, the well-known Indian broadcaster, food writer, and television personality, recently indulged in a culinary journey at Barbeque Nation's Dawat-e-Lucknow festival. This festival, designed to celebrate the rich and flavorful traditions of Awadhi cuisine, showcased the best of Lucknowi dishes, capturing the absolute essence of the region's famous culinary techniques. In his new episod",https://api.barbequenation.com/sites/default/files/2024-09/BBQ_Website%20Banner_All%20Fest%20new_Kunal%20Vijaykar%20%28Daawat-e-Lucknow%29-13.jpg,https://api.barbequenation.com/news/kunal-vijayakars-culinary-adventure-barbeque-nations-dawat-e-lucknow-festival,2026-07-30T07:46:41.718Z
94,1500,"Barbeque Nation Nation expands its presence in Vile Parle, Mumbai",Discount & Offer,2024-05-18,"Exciting news for food enthusiasts! Barbeque Nation has launched a new outlet in Vile Parle East, and it’s quickly becoming a favorite among locals. If you’re searching for restaurants near me, this spot should top your list. Known as one of the best restaurants in Vile Parle, it boasts a stunning ambience with elegant decor, warm lighting, and comfortable seating that creates a welcoming atmosphe",https://api.barbequenation.com/sites/default/files/2024-10/Websit%20Banner_Vile%20Parle%20Mumbai%20new.jpg,https://api.barbequenation.com/news/barbeque-nation-nation-expands-its-presence-vile-parle-mumbai,2026-07-30T07:46:41.718Z
95,1573,Daawat-e-Lucknow: A Lavish Tribute to Awadhi Flavors at Barbeque Nation,Chef Special / Festival,2024-05-14,"Barbeque Nation recently paid tribute to the rich culinary traditions of Lucknow with its Dawat-e-Lucknow festival. This special event celebrated the essence of Awadhi cuisine, offering guests an authentic taste of traditional dishes that define Lucknow’s gastronomic heritage. The highlight of the festival was a variety of mouth-watering kebabs, expertly crafted using traditional Awadhi techniques",https://api.barbequenation.com/sites/default/files/2024-09/BBQ_Website%20Banner_All%20Fest%20new_Dawat-e-Lucknow-11.jpg,https://api.barbequenation.com/news/daawat-e-lucknow-lavish-tribute-awadhi-flavors-barbeque-nation,2026-07-30T07:46:41.718Z
96,1574,Celebrating the OG Buffet Makers: A Mother’s Day Tribute at Barbeque Nation,Chef Special / Festival,2024-05-11,"For 18 years, Barbeque Nation, recognized as one of the best barbecue restaurants, has been perfecting the art of the buffet to create memorable dining experiences. Reflecting on this journey, the brand draws inspiration from the true masters of crafting feasts—mothers around the world. This Mother’s Day, Barbeque Nation is honoring these incredible women, the original buffet makers, who have been",https://api.barbequenation.com/sites/default/files/2024-09/BBQ_Website%20Banner_All%20Fest%20new_Mother%27s%20Day-27.jpg,https://api.barbequenation.com/news/celebrating-og-buffet-makers-mothers-day-tribute-barbeque-nation,2026-07-30T07:46:41.718Z
97,1571,Barbeque Nation hosts Iftar Fest for underprivileged kids across the country,Chef Special / Festival,2024-04-11,"This Ramadan, Barbeque Nation hosted the Ramadan Extravaganza, a vibrant food festival celebrating the spirit of the holy month. Known as one of the best grill restaurants in the country, Barbeque Nation curated a feast of traditional favorites and tantalizing treats, offering guests an unforgettable dining experience. As part of the Ramadan Extravaganza, Barbeque Nation organized a special Iftar ",https://api.barbequenation.com/sites/default/files/2024-09/BBQ_Website%20Banner_All%20Fest%20new_Iftar%20Fest-07.jpg,https://api.barbequenation.com/news/barbeque-nation-hosts-iftar-fest-underprivileged-kids-across-country,2026-07-30T07:46:41.718Z
98,1495,"Barbeque Nation Nation expands its presence in Marina Mall, Chennai",Brand Event / Promotion,2024-03-27,"Step into the expanded realm of Barbeque Nation within Marina Mall, Chennai, where a lavish spread of grilled specialties, sumptuous buffets, and divine desserts awaits. This culinary sanctuary presents a varied menu catering to both vegetarians and meat lovers, promising a delightful dining odyssey. Guests are invited to partake in an engaging experience as they take charge of grilling their own ",https://api.barbequenation.com/sites/default/files/2024-05/Web%20banner_Marina%20Mall%2C%20Chennai%201.jpg,https://api.barbequenation.com/news/barbeque-nation-nation-expands-its-presence-marina-mall-chennai,2026-07-30T07:46:41.718Z
99,1427,Barbeque Nation Nation opens its first outlet in Muzaffarpur,Discount & Offer,2023-12-02,"Barbeque Nation proudly presents its newest restaurant in Muzaffarpur, featuring an extensive selection of grilled specialties, buffet offerings, and delectable desserts. This establishment offers a diverse menu, catering to both vegetarians and non-vegetarians, coupled with an engaging dining experience. Patrons have the unique opportunity to personally grill their starters. The sophisticated amb",https://api.barbequenation.com/sites/default/files/2024-02/Web%20Banner_%201440x768_Muzaffarpur_0.jpg,https://api.barbequenation.com/news/barbeque-nation-nation-opens-its-first-outlet-muzaffarpur,2026-07-30T07:46:41.718Z
100,1426,Barbeque Nation Nation opens its first outlet in Bahrain,Chef Special / Festival,2023-09-02,"Barbeque Nation is delighted to unveil its first-ever dining establishment in Manama, Bahrain. This novel venue promises a rich gastronomic journey, featuring an expansive array of grilling options, buffet offerings, and delightful desserts. Embracing a diverse culinary palette, the menu boasts a tantalizing selection of both vegetarian and non-vegetarian delicacies. With an interactive dining for",https://api.barbequenation.com/sites/default/files/2024-02/Web%20Banner_%201440x768_Bahrain.jpg,https://api.barbequenation.com/news/barbeque-nation-nation-opens-its-first-outlet-bahrain,2026-07-30T07:46:41.718Z
