topLevelReelUrl,shareable_url,time,playCountRounded,play_count_reduced,track_title,play_count_numeric,year,month,weekday,hour,reel_id
https://facebook.com/reel/2108900206501576/,https://www.facebook.com/reel/2108900206501576,2026-07-28 15:06:14+00:00,2400,2.4K,Barbeque Nation · Original audio,2400.0,2026,July,Tuesday,15,2108900206501576
https://facebook.com/reel/2066440730615720/,https://www.facebook.com/reel/2066440730615720,2026-07-27 15:20:05+00:00,2500,2.5K,Barbeque Nation · Original audio,2500.0,2026,July,Monday,15,2066440730615720
https://facebook.com/reel/1030543656188005/,https://www.facebook.com/reel/1030543656188005,2026-07-26 16:50:06+00:00,2500,2.5K,Barbeque Nation · Original audio,2500.0,2026,July,Sunday,16,1030543656188005
https://facebook.com/reel/4454837761395138/,https://www.facebook.com/reel/4454837761395138,2026-07-25 06:06:49+00:00,9000,9K,Barbeque Nation · Original audio,9000.0,2026,July,Saturday,6,4454837761395138
https://facebook.com/reel/28059450017012695/,https://www.facebook.com/reel/28059450017012695,2026-07-21 15:47:55+00:00,5800,5.8K,Barbeque Nation · Original audio,5800.0,2026,July,Tuesday,15,28059450017012695
https://facebook.com/reel/1231900719004553/,https://www.facebook.com/reel/1231900719004553,2026-07-21 15:04:51+00:00,5600,5.6K,Barbeque Nation · Original audio,5600.0,2026,July,Tuesday,15,1231900719004553
https://facebook.com/reel/1397649355574800/,https://www.facebook.com/reel/1397649355574800,2026-07-21 15:01:47+00:00,3700,3.7K,Barbeque Nation · Original audio,3700.0,2026,July,Tuesday,15,1397649355574800
https://facebook.com/reel/1020343787588670/,https://www.facebook.com/reel/1020343787588670,2026-07-21 14:57:54+00:00,3600,3.6K,Barbeque Nation · Original audio,3600.0,2026,July,Tuesday,14,1020343787588670
https://facebook.com/reel/4451999835073806/,https://www.facebook.com/reel/4451999835073806,2026-07-21 08:30:43+00:00,3000,3K,Barbeque Nation · Original audio,3000.0,2026,July,Tuesday,8,4451999835073806
https://facebook.com/reel/1079954414695983/,https://www.facebook.com/reel/1079954414695983,2026-07-20 07:02:44+00:00,3800,3.8K,Barbeque Nation · Original audio,3800.0,2026,July,Monday,7,1079954414695983
https://facebook.com/reel/1343898851212659/,https://www.facebook.com/reel/1343898851212659,2026-07-20 06:32:43+00:00,3600,3.6K,Barbeque Nation · Original audio,3600.0,2026,July,Monday,6,1343898851212659
https://facebook.com/reel/1396348229022063/,https://www.facebook.com/reel/1396348229022063,2026-07-20 05:25:19+00:00,2500,2.5K,Barbeque Nation · Original audio,2500.0,2026,July,Monday,5,1396348229022063
https://facebook.com/reel/2334691173966850/,https://www.facebook.com/reel/2334691173966850,2026-07-18 14:08:28+00:00,3200,3.2K,Barbeque Nation · Original audio,3200.0,2026,July,Saturday,14,2334691173966850
https://facebook.com/reel/1645787206486536/,https://www.facebook.com/reel/1645787206486536,2026-07-18 09:58:14+00:00,4800,4.8K,Barbeque Nation · Original audio,4800.0,2026,July,Saturday,9,1645787206486536
https://facebook.com/reel/1697080131527383/,https://www.facebook.com/reel/1697080131527383,2026-07-17 13:03:52+00:00,3500,3.5K,Barbeque Nation · Original audio,3500.0,2026,July,Friday,13,1697080131527383
https://facebook.com/reel/2419999911827763/,https://www.facebook.com/reel/2419999911827763,2026-07-17 09:53:43+00:00,3400,3.4K,Barbeque Nation · Original audio,3400.0,2026,July,Friday,9,2419999911827763
https://facebook.com/reel/1586192019687501/,https://www.facebook.com/reel/1586192019687501,2026-07-14 14:40:07+00:00,4800,4.8K,Barbeque Nation · Original audio,4800.0,2026,July,Tuesday,14,1586192019687501
https://facebook.com/reel/913646545108873/,https://www.facebook.com/reel/913646545108873,2026-07-14 14:34:28+00:00,4400,4.4K,Barbeque Nation · Original audio,4400.0,2026,July,Tuesday,14,913646545108873
https://facebook.com/reel/1847094816273048/,https://www.facebook.com/reel/1847094816273048,2026-07-13 16:30:30+00:00,3700,3.7K,Barbeque Nation · Original audio,3700.0,2026,July,Monday,16,1847094816273048
https://facebook.com/reel/1071204995255179/,https://www.facebook.com/reel/1071204995255179,2026-07-12 13:57:54+00:00,8600,8.6K,Barbeque Nation · Original audio,8600.0,2026,July,Sunday,13,1071204995255179
https://facebook.com/reel/2091770471773022/,https://www.facebook.com/reel/2091770471773022,2026-07-03 15:01:17+00:00,14000,14K,Barbeque Nation · Original audio,14000.0,2026,July,Friday,15,2091770471773022
https://facebook.com/reel/1258052506245727/,https://www.facebook.com/reel/1258052506245727,2026-07-02 13:49:15+00:00,8700,8.7K,Barbeque Nation · Original audio,8700.0,2026,July,Thursday,13,1258052506245727
https://facebook.com/reel/999858052953481/,https://www.facebook.com/reel/999858052953481,2026-07-02 13:47:54+00:00,5500,5.5K,Barbeque Nation · Original audio,5500.0,2026,July,Thursday,13,999858052953481
https://facebook.com/reel/889030943632594/,https://www.facebook.com/reel/889030943632594,2026-07-02 13:46:53+00:00,4900,4.9K,Barbeque Nation · Original audio,4900.0,2026,July,Thursday,13,889030943632594
https://facebook.com/reel/1755832098764593/,https://www.facebook.com/reel/1755832098764593,2026-07-02 13:36:29+00:00,3000,3K,Barbeque Nation · Original audio,3000.0,2026,July,Thursday,13,1755832098764593
https://facebook.com/reel/4531784877146690/,https://www.facebook.com/reel/4531784877146690,2026-07-02 13:35:36+00:00,2400,2.4K,Barbeque Nation · Original audio,2400.0,2026,July,Thursday,13,4531784877146690
https://facebook.com/reel/832905553089909/,https://www.facebook.com/reel/832905553089909,2026-07-02 13:34:48+00:00,2500,2.5K,Barbeque Nation · Original audio,2500.0,2026,July,Thursday,13,832905553089909
https://facebook.com/reel/1195901839330013/,https://www.facebook.com/reel/1195901839330013,2026-06-29 16:58:09+00:00,10000,10K,Barbeque Nation · Original audio,10000.0,2026,June,Monday,16,1195901839330013
https://facebook.com/reel/1045941261104600/,https://www.facebook.com/reel/1045941261104600,2026-06-29 15:31:09+00:00,3100,3.1K,Barbeque Nation · Original audio,3100.0,2026,June,Monday,15,1045941261104600
https://facebook.com/reel/1031388722813974/,https://www.facebook.com/reel/1031388722813974,2026-06-28 09:42:54+00:00,5700,5.7K,Barbeque Nation · Original audio,5700.0,2026,June,Sunday,9,1031388722813974
https://facebook.com/reel/1747544223091999/,https://www.facebook.com/reel/1747544223091999,2026-06-27 16:03:18+00:00,9100,9.1K,Barbeque Nation · Original audio,9100.0,2026,June,Saturday,16,1747544223091999
https://facebook.com/reel/2783938095299265/,https://www.facebook.com/reel/2783938095299265,2026-06-27 13:56:48+00:00,5600,5.6K,Barbeque Nation · Original audio,5600.0,2026,June,Saturday,13,2783938095299265
https://facebook.com/reel/4479201049034444/,https://www.facebook.com/reel/4479201049034444,2026-06-27 07:09:44+00:00,7200,7.2K,Barbeque Nation · Original audio,7200.0,2026,June,Saturday,7,4479201049034444
https://facebook.com/reel/1029944916208723/,https://www.facebook.com/reel/1029944916208723,2026-06-26 15:50:37+00:00,6000,6K,Barbeque Nation · Original audio,6000.0,2026,June,Friday,15,1029944916208723
https://facebook.com/reel/1384943806871962/,https://www.facebook.com/reel/1384943806871962,2026-06-26 11:16:29+00:00,3800,3.8K,Barbeque Nation · Original audio,3800.0,2026,June,Friday,11,1384943806871962
https://facebook.com/reel/1554926822631319/,https://www.facebook.com/reel/1554926822631319,2026-06-26 07:22:39+00:00,2800,2.8K,The_Mountain · Funky Lifestyle,2800.0,2026,June,Friday,7,1554926822631319
https://facebook.com/reel/1330084589080836/,https://www.facebook.com/reel/1330084589080836,2026-06-25 08:48:14+00:00,4000,4K,Barbeque Nation · Original audio,4000.0,2026,June,Thursday,8,1330084589080836
https://facebook.com/reel/1760135332006002/,https://www.facebook.com/reel/1760135332006002,2026-06-24 12:58:36+00:00,2900,2.9K,Barbeque Nation · Original audio,2900.0,2026,June,Wednesday,12,1760135332006002
https://facebook.com/reel/1641854670232276/,https://www.facebook.com/reel/1641854670232276,2026-06-23 12:35:19+00:00,2200,2.2K,Barbeque Nation · Original audio,2200.0,2026,June,Tuesday,12,1641854670232276
https://facebook.com/reel/926261663814230/,https://www.facebook.com/reel/926261663814230,2026-06-22 06:02:35+00:00,7200,7.2K,Barbeque Nation · Original audio,7200.0,2026,June,Monday,6,926261663814230
https://facebook.com/reel/871332749344250/,https://www.facebook.com/reel/871332749344250,2026-06-21 10:35:11+00:00,2800,2.8K,Barbeque Nation · Original audio,2800.0,2026,June,Sunday,10,871332749344250
https://facebook.com/reel/1338648984906436/,https://www.facebook.com/reel/1338648984906436,2026-06-20 14:33:22+00:00,5000,5K,Unknown,5000.0,2026,June,Saturday,14,1338648984906436
https://facebook.com/reel/27718289207802243/,https://www.facebook.com/reel/27718289207802243,2026-06-18 08:28:12+00:00,8500,8.5K,Barbeque Nation · Original audio,8500.0,2026,June,Thursday,8,27718289207802243
https://facebook.com/reel/1660123288606024/,https://www.facebook.com/reel/1660123288606024,2026-06-18 06:48:02+00:00,5700,5.7K,Barbeque Nation · Original audio,5700.0,2026,June,Thursday,6,1660123288606024
https://facebook.com/reel/1375612207720903/,https://www.facebook.com/reel/1375612207720903,2026-06-17 09:51:39+00:00,5500,5.5K,Barbeque Nation · Original audio,5500.0,2026,June,Wednesday,9,1375612207720903
https://facebook.com/reel/2104313080500038/,https://www.facebook.com/reel/2104313080500038,2026-06-14 15:05:18+00:00,12000,12K,Barbeque Nation · Original audio,12000.0,2026,June,Sunday,15,2104313080500038
https://facebook.com/reel/987202637644397/,https://www.facebook.com/reel/987202637644397,2026-06-14 09:35:33+00:00,7500,7.5K,Barbeque Nation · Original audio,7500.0,2026,June,Sunday,9,987202637644397
https://facebook.com/reel/1664771507907564/,https://www.facebook.com/reel/1664771507907564,2026-06-11 11:47:54+00:00,10000,10K,Barbeque Nation · Original audio,10000.0,2026,June,Thursday,11,1664771507907564
https://facebook.com/reel/984298050848966/,https://www.facebook.com/reel/984298050848966,2026-06-09 16:02:06+00:00,7200,7.2K,Barbeque Nation · Original audio,7200.0,2026,June,Tuesday,16,984298050848966
https://facebook.com/reel/1044780471398285/,https://www.facebook.com/reel/1044780471398285,2026-06-08 06:29:15+00:00,3800,3.8K,Barbeque Nation · Original audio,3800.0,2026,June,Monday,6,1044780471398285
https://facebook.com/reel/1026862416345815/,https://www.facebook.com/reel/1026862416345815,2026-06-07 03:18:56+00:00,5400,5.4K,Barbeque Nation · Original audio,5400.0,2026,June,Sunday,3,1026862416345815
https://facebook.com/reel/1696820421449830/,https://www.facebook.com/reel/1696820421449830,2026-06-01 15:55:55+00:00,4400,4.4K,Barbeque Nation · Original audio,4400.0,2026,June,Monday,15,1696820421449830
https://facebook.com/reel/1036368328905031/,https://www.facebook.com/reel/1036368328905031,2026-05-29 16:17:36+00:00,6700,6.7K,Barbeque Nation · Original audio,6700.0,2026,May,Friday,16,1036368328905031
https://facebook.com/reel/977446628223648/,https://www.facebook.com/reel/977446628223648,2026-05-28 05:20:13+00:00,4900,4.9K,Barbeque Nation · Original audio,4900.0,2026,May,Thursday,5,977446628223648
https://facebook.com/reel/2403517256740454/,https://www.facebook.com/reel/2403517256740454,2026-05-24 10:40:56+00:00,9900,9.9K,Barbeque Nation · Original audio,9900.0,2026,May,Sunday,10,2403517256740454
https://facebook.com/reel/1826639288722059/,https://www.facebook.com/reel/1826639288722059,2026-05-23 11:26:19+00:00,17000,17K,Barbeque Nation · Original audio,17000.0,2026,May,Saturday,11,1826639288722059
https://facebook.com/reel/1489228563215403/,https://www.facebook.com/reel/1489228563215403,2026-05-21 12:34:50+00:00,7700,7.7K,Barbeque Nation · Original audio,7700.0,2026,May,Thursday,12,1489228563215403
https://facebook.com/reel/1164739329116721/,https://www.facebook.com/reel/1164739329116721,2026-05-19 15:17:43+00:00,11000,11K,Barbeque Nation · Original audio,11000.0,2026,May,Tuesday,15,1164739329116721
https://facebook.com/reel/4543578059205802/,https://www.facebook.com/reel/4543578059205802,2026-05-18 11:58:44+00:00,10000,10K,Barbeque Nation · Original audio,10000.0,2026,May,Monday,11,4543578059205802
https://facebook.com/reel/1277605654526795/,https://www.facebook.com/reel/1277605654526795,2026-05-15 13:30:40+00:00,13000,13K,Barbeque Nation · Original audio,13000.0,2026,May,Friday,13,1277605654526795
https://facebook.com/reel/1295328515508836/,https://www.facebook.com/reel/1295328515508836,2026-05-15 09:47:33+00:00,13000,13K,Barbeque Nation · Original audio,13000.0,2026,May,Friday,9,1295328515508836
https://facebook.com/reel/1681388099977474/,https://www.facebook.com/reel/1681388099977474,2026-05-15 09:42:14+00:00,12000,12K,Barbeque Nation · Original audio,12000.0,2026,May,Friday,9,1681388099977474
https://facebook.com/reel/1519671119821879/,https://www.facebook.com/reel/1519671119821879,2026-05-13 08:09:18+00:00,8700,8.7K,Barbeque Nation · Original audio,8700.0,2026,May,Wednesday,8,1519671119821879
https://facebook.com/reel/2396904104127890/,https://www.facebook.com/reel/2396904104127890,2026-05-13 05:03:11+00:00,17000,17K,Barbeque Nation · Original audio,17000.0,2026,May,Wednesday,5,2396904104127890
https://facebook.com/reel/1339305368114902/,https://www.facebook.com/reel/1339305368114902,2026-05-09 14:35:30+00:00,10000,10K,Barbeque Nation · Original audio,10000.0,2026,May,Saturday,14,1339305368114902
https://facebook.com/reel/964317346354528/,https://www.facebook.com/reel/964317346354528,2026-05-09 10:52:58+00:00,11000,11K,Barbeque Nation · Original audio,11000.0,2026,May,Saturday,10,964317346354528
https://facebook.com/reel/954146513927760/,https://www.facebook.com/reel/954146513927760,2026-05-07 05:34:16+00:00,7500,7.5K,Barbeque Nation · Original audio,7500.0,2026,May,Thursday,5,954146513927760
https://facebook.com/reel/1285942467024198/,https://www.facebook.com/reel/1285942467024198,2026-05-06 13:19:11+00:00,7800,7.8K,Barbeque Nation · Original audio,7800.0,2026,May,Wednesday,13,1285942467024198
https://facebook.com/reel/2424148744741071/,https://www.facebook.com/reel/2424148744741071,2026-05-04 07:28:43+00:00,7800,7.8K,Barbeque Nation · Original audio,7800.0,2026,May,Monday,7,2424148744741071
https://facebook.com/reel/1945315426092785/,https://www.facebook.com/reel/1945315426092785,2026-05-01 12:33:47+00:00,8800,8.8K,Barbeque Nation · Original audio,8800.0,2026,May,Friday,12,1945315426092785
https://facebook.com/reel/2270173056848985/,https://www.facebook.com/reel/2270173056848985,2026-04-30 16:46:14+00:00,8900,8.9K,Barbeque Nation · Original audio,8900.0,2026,April,Thursday,16,2270173056848985
https://facebook.com/reel/1204122281645881/,https://www.facebook.com/reel/1204122281645881,2026-04-26 12:02:05+00:00,10000,10K,Barbeque Nation · Original audio,10000.0,2026,April,Sunday,12,1204122281645881
https://facebook.com/reel/27537905389130556/,https://www.facebook.com/reel/27537905389130556,2026-04-25 04:12:20+00:00,15000,15K,Barbeque Nation · Original audio,15000.0,2026,April,Saturday,4,27537905389130556
https://facebook.com/reel/2711617979204793/,https://www.facebook.com/reel/2711617979204793,2026-04-24 04:00:46+00:00,9700,9.7K,Barbeque Nation · Original audio,9700.0,2026,April,Friday,4,2711617979204793
https://facebook.com/reel/979809174580251/,https://www.facebook.com/reel/979809174580251,2026-04-21 16:25:04+00:00,21000,21K,Barbeque Nation · Original audio,21000.0,2026,April,Tuesday,16,979809174580251
https://facebook.com/reel/992891846504275/,https://www.facebook.com/reel/992891846504275,2026-04-20 15:29:33+00:00,13000,13K,Barbeque Nation · Original audio,13000.0,2026,April,Monday,15,992891846504275
https://facebook.com/reel/1660849748264349/,https://www.facebook.com/reel/1660849748264349,2026-04-18 08:49:27+00:00,10000,10K,Barbeque Nation · Original audio,10000.0,2026,April,Saturday,8,1660849748264349
https://facebook.com/reel/1496150798541493/,https://www.facebook.com/reel/1496150798541493,2026-04-17 06:00:01+00:00,9700,9.7K,Barbeque Nation · Original audio,9700.0,2026,April,Friday,6,1496150798541493
https://facebook.com/reel/1480649326901472/,https://www.facebook.com/reel/1480649326901472,2026-04-11 04:30:05+00:00,31000,31K,Barbeque Nation · Original audio,31000.0,2026,April,Saturday,4,1480649326901472
https://facebook.com/reel/1457950255740067/,https://www.facebook.com/reel/1457950255740067,2026-04-08 06:25:55+00:00,11000,11K,Barbeque Nation · Original audio,11000.0,2026,April,Wednesday,6,1457950255740067
https://facebook.com/reel/1609953210269927/,https://www.facebook.com/reel/1609953210269927,2026-04-07 09:06:10+00:00,43000,43K,Barbeque Nation · Original audio,43000.0,2026,April,Tuesday,9,1609953210269927
https://facebook.com/reel/1312533660757031/,https://www.facebook.com/reel/1312533660757031,2026-04-06 12:52:13+00:00,13000,13K,Barbeque Nation · Original audio,13000.0,2026,April,Monday,12,1312533660757031
https://facebook.com/reel/1216673853824052/,https://www.facebook.com/reel/1216673853824052,2026-04-04 03:52:32+00:00,24000,24K,Barbeque Nation · Original audio,24000.0,2026,April,Saturday,3,1216673853824052
https://facebook.com/reel/1472593864530541/,https://www.facebook.com/reel/1472593864530541,2026-04-01 11:58:25+00:00,9200,9.2K,Barbeque Nation · Original audio,9200.0,2026,April,Wednesday,11,1472593864530541
https://facebook.com/reel/1954061045986860/,https://www.facebook.com/reel/1954061045986860,2026-03-30 11:54:24+00:00,10000,10K,Barbeque Nation · Original audio,10000.0,2026,March,Monday,11,1954061045986860
https://facebook.com/reel/1525060452375834/,https://www.facebook.com/reel/1525060452375834,2026-03-30 06:19:54+00:00,9500,9.5K,Barbeque Nation · Original audio,9500.0,2026,March,Monday,6,1525060452375834
https://facebook.com/reel/1482467416595647/,https://www.facebook.com/reel/1482467416595647,2026-03-28 17:40:40+00:00,7800,7.8K,Barbeque Nation · Original audio,7800.0,2026,March,Saturday,17,1482467416595647
https://facebook.com/reel/1488740266144962/,https://www.facebook.com/reel/1488740266144962,2026-03-28 11:38:51+00:00,5700,5.7K,Barbeque Nation · Original audio,5700.0,2026,March,Saturday,11,1488740266144962
https://facebook.com/reel/925035566783903/,https://www.facebook.com/reel/925035566783903,2026-03-13 17:05:15+00:00,14000,14K,Barbeque Nation · Original audio,14000.0,2026,March,Friday,17,925035566783903
https://facebook.com/reel/1484274366536807/,https://www.facebook.com/reel/1484274366536807,2026-03-11 10:00:51+00:00,16000,16K,Barbeque Nation · Original audio,16000.0,2026,March,Wednesday,10,1484274366536807
https://facebook.com/reel/777305261710399/,https://www.facebook.com/reel/777305261710399,2026-03-10 09:30:08+00:00,10000,10K,Barbeque Nation · Original audio,10000.0,2026,March,Tuesday,9,777305261710399
https://facebook.com/reel/912165591417223/,https://www.facebook.com/reel/912165591417223,2026-03-10 05:33:15+00:00,7200,7.2K,Barbeque Nation · Original audio,7200.0,2026,March,Tuesday,5,912165591417223
https://facebook.com/reel/908074361936838/,https://www.facebook.com/reel/908074361936838,2026-03-09 13:20:46+00:00,5900,5.9K,Barbeque Nation · Original audio,5900.0,2026,March,Monday,13,908074361936838
https://facebook.com/reel/1483563196624757/,https://www.facebook.com/reel/1483563196624757,2026-03-09 06:26:42+00:00,8000,8K,Barbeque Nation · Original audio,8000.0,2026,March,Monday,6,1483563196624757
https://facebook.com/reel/1981130212805710/,https://www.facebook.com/reel/1981130212805710,2026-03-08 10:54:17+00:00,5800,5.8K,Barbeque Nation · Original audio,5800.0,2026,March,Sunday,10,1981130212805710
https://facebook.com/reel/1560833411696671/,https://www.facebook.com/reel/1560833411696671,2026-03-05 15:26:46+00:00,8200,8.2K,Barbeque Nation · Original audio,8200.0,2026,March,Thursday,15,1560833411696671
https://facebook.com/reel/2054810965093125/,https://www.facebook.com/reel/2054810965093125,2026-03-04 13:03:29+00:00,9700,9.7K,Barbeque Nation · Original audio,9700.0,2026,March,Wednesday,13,2054810965093125
https://facebook.com/reel/1223489323225278/,https://www.facebook.com/reel/1223489323225278,2026-03-04 10:33:16+00:00,8000,8K,Barbeque Nation · Original audio,8000.0,2026,March,Wednesday,10,1223489323225278
https://facebook.com/reel/1956852701707120/,https://www.facebook.com/reel/1956852701707120,2026-03-02 07:22:28+00:00,7300,7.3K,Barbeque Nation · Original audio,7300.0,2026,March,Monday,7,1956852701707120
https://facebook.com/reel/1229387656009917/,https://www.facebook.com/reel/1229387656009917,2026-03-01 06:30:39+00:00,8600,8.6K,Viacheslav Starostin · Ocean Drive Escape,8600.0,2026,March,Sunday,6,1229387656009917
